id,"Código
Curso",codalu,"N° Total de
Repeticiones",cosperidod
1,FA105,20141493H,2,2018II
1,FA109,20090462C,2,2018II
1,FA191,19991269E,11,2018II
1,FA103,20120417K,2,2018II
1,FA271,20120417K,2,2018II
1,FA215,20111054F,2,2018II
1,FA109,20091236G,2,2018II
1,FA162,20131198C,2,2018II
1,FA284,20107021J,2,2018II
1,FA109,20062681F,2,2018II
1,FA432,20170489E,2,2018II
1,FA621,20171373K,2,2018II
1,FA107,20140544H,2,2018II
1,FA396,20151305J,2,2018II
1,FA215,20042696H,2,2018II
1,FA109,20112693B,2,2018II
1,FA293,20117513B,2,2018II
1,FA192,20100472F,2,2018II
1,FA224,20120451D,2,2018II
1,FA347,20151500G,2,2018II
1,FA732,20101351H,2,2018II
1,FA109,20111422E,2,2018II
1,FA273,20152735H,2,2018II
1,FA105,20147511H,2,2018II
1,FA192,20080450B,2,2018II
1,FA374,20112697H,2,2018II
1,FA396,20162065E,2,2018II
1,FA621,20171404C,2,2018II
1,FA515,20082078C,2,2018II
1,FA431,20170541G,2,2018II
1,FA396,20160518B,2,2018II
1,FA347,20114124E,2,2018II
1,FA109,20097018A,2,2018II
1,FA121,20081404D,2,2018II
1,FA592,20032679C,2,2018II
1,FA106,20132730K,2,2018II
1,FA104,20152692G,2,2018II
1,FA515,20144535C,2,2018II
1,FA592,19980571G,2,2018II
1,FA107,20101449H,2,2018II
1,FA224,20101449H,2,2018II
1,FA347,20152263I,2,2018II
1,FA396,20152263I,2,2018II
1,FA516,20152263I,2,2018II
1,FA121,20130533C,2,2018II
1,FA223,20111170F,2,2018II
1,FA704,20114094I,2,2018II
1,FA109,20082585B,2,2018II
1,FA108,20081398D,2,2018II
1,FA109,20132242F,2,2018II
1,FA109,20120398F,2,2018II
1,FA347,20120431C,2,2018II
1,FA107,20100460H,2,2018II
1,FA161,20140347H,2,2018II
1,FA710,20121455C,2,2018II
1,FA607,20001389C,2,2018II
1,FA592,19954078E,2,2018II
1,FA293,20120342K,2,2018II
1,FA701,20120342K,2,2018II
1,FA104,20160551J,2,2018II
1,FA108,20132239E,2,2018II
1,FA615,20151459G,2,2018II
1,FA348,20141497C,2,2018II
1,FA397,20141497C,2,2018II
1,FA110,19910684G,9,2018II
1,FA327,20121198K,2,2018II
1,FA105,20151413G,2,2018II
1,FA192,20022675E,2,2018II
1,FA348,20090463J,2,2018II
1,FA348,20070419E,2,2018II
1,FA106,19920649J,12,2018II
1,FA396,20162684G,2,2018II
1,FA383,20050417G,7,2018II
1,FA615,20050417G,5,2018II
1,FA293,20060400J,2,2018II
1,FA107,20121473A,2,2018II
1,FA392,20110456C,2,2018II
1,FA406,19730822B,2,2018II
1,FA109,19961261F,2,2018II
1,FA293,19961261F,2,2018II
1,FA346,20100445I,2,2018II
1,FA109,20132233G,2,2018II
1,FA105,20151432A,2,2018II
1,FA109,20032220K,6,2018II
1,FA109,20101443J,2,2018II
1,FA109,20111387E,2,2018II
1,FA591,20091380K,2,2018II
1,FA107,20061381I,2,2018II
1,FA121,20061381I,2,2018II
1,FA293,20130091K,2,2018II
1,FA106,20112704D,2,2018II
1,FA615,19961393J,2,2018II
1,FA121,20110463J,2,2018II
1,FA621,20171498H,2,2018II
1,FA106,20140549J,2,2018II
1,FA161,20140549J,2,2018II
1,FA107,20130528J,2,2018II
1,FA107,20131101J,2,2018II
1,FA381,20160135F,2,2018II
1,FA396,20160135F,2,2018II
1,FA613,20160135F,2,2018II
1,FA348,20141176B,2,2018II
1,FA161,20140550H,2,2018II
1,FA621,20171199K,2,2018II
1,FA621,20171542G,2,2018II
1,FA525,20021357J,2,2018II
1,FA612,20170116D,2,2018II
1,FA109,20071393J,2,2018II
1,FA293,20071393J,2,2018II
1,FA515,20122215F,2,2018II
1,FA294,20090451A,2,2018II
1,FA110,19910704H,2,2018II
1,FA103,20152608F,2,2018II
1,FA396,20152608F,2,2018II
1,FA107,20121469D,2,2018II
1,FA406,20170572J,2,2018II
1,FA271,20151296K,2,2018II
1,FA397,20151296K,2,2018II
1,FA104,20110464F,2,2018II
1,FA105,20151468F,2,2018II
1,FA294,20091416E,2,2018II
1,FA526,20131525D,2,2018II
1,FA161,20080456K,2,2018II
1,FA544,20080456K,2,2018II
1,FA441,20170513C,2,2018II
1,FA110,19880627K,2,2018II
1,FA525,20120379A,2,2018II
1,FA592,20102587E,2,2018II
1,FA398,20090460K,2,2018II
1,FA710,20091390F,2,2018II
1,FA294,20130519K,2,2018II
1,FA526,20091410G,2,2018II
1,FA161,20134155C,2,2018II
1,FA606,19981362B,2,2018II
1,FA514,19940510G,2,2018II
1,FA397,19880599G,2,2018II
1,FA107,20121472E,2,2018II
1,FA591,19910034B,2,2018II
1,FA107,20121454G,2,2018II
1,FA273,20020417I,2,2018II
1,FA106,20142720H,2,2018II
1,FA703,20142720H,2,2018II
1,FA731,20031346K,2,2018II
1,CF251,20160486C,2,2018II
1,CM211,20160486C,2,2018II
1,CM274,20080298F,2,2018II
1,CF221,20150517C,2,2018II
1,CM261,20150517C,2,2018II
1,CC212,20142591C,2,2018II
1,CH007,20081365I,2,2018II
1,CF221,20152253C,2,2018II
1,CF121,20172759J,2,2018II
1,CQ111,20172759J,2,2018II
1,CM131,20171603F,2,2018II
1,CM141,20171603F,2,2018II
1,CQ111,20171603F,2,2018II
1,CM131,20171543C,2,2018II
1,CM141,20171543C,2,2018II
1,CQ112,20160227H,2,2018II
1,CF221,20144547A,2,2018II
1,CQ111,20160771J,2,2018II
1,CF121,20171614H,2,2018II
1,CM131,20171614H,2,2018II
1,CM141,20171614H,2,2018II
1,CF221,20150522G,2,2018II
1,CM274,20090312A,2,2018II
1,CM262,19971130A,7,2018II
1,IF571,20032152E,2,2018II
1,CH061,20121423D,2,2018II
1,CC101,20171551F,2,2018II
1,CF451,20142126I,2,2018II
1,CC102,20162743C,2,2018II
1,CF121,20171569B,2,2018II
1,CM141,20171569B,2,2018II
1,CQ111,20171569B,2,2018II
1,CF382,20101364B,3,2018II
1,IF372,20101364B,3,2018II
1,CM211,20160756K,2,2018II
1,CF531,20070026C,2,2018II
1,CF561,20070026C,2,2018II
1,CF121,20171561A,2,2018II
1,CF121,20172738B,2,2018II
1,CM131,20172738B,2,2018II
1,CQ111,20172738B,2,2018II
1,CQ311,20132714E,2,2018II
1,CQ341,20132714E,2,2018II
1,CH061,20120434B,2,2018II
1,CM334,20120434B,2,2018II
1,CC541,20082673I,2,2018II
1,CF221,20160271G,2,2018II
1,CF302,20120461J,2,2018II
1,CC066,20110335A,2,2018II
1,CF221,20142212B,2,2018II
1,CM261,20160745I,2,2018II
1,CM142,20130470A,2,2018II
1,CC101,20132608K,3,2018II
1,CM142,20132608K,2,2018II
1,IF451,20120454C,2,2018II
1,CF371,20141148I,2,2018II
1,CF221,20154087C,2,2018II
1,CM361,20031123A,2,2018II
1,CC101,19791452K,8,2018II
1,CF221,20162224F,2,2018II
1,CM131,20172740G,2,2018II
1,CM141,20172740G,2,2018II
1,CH061,20111334I,2,2018II
1,CM313,20021185D,2,2018II
1,CM131,20172723E,2,2018II
1,CM214,20142699I,2,2018II
1,CM132,20172230I,2,2018II
1,CF121,20171594G,2,2018II
1,CM141,20171594G,2,2018II
1,CF582,19972195J,2,2018II
1,CQ232,20121346J,2,2018II
1,CQ362,20121346J,2,2018II
1,CF221,20151380A,2,2018II
1,CQ013,20094516K,2,2018II
1,CQ037,20094516K,2,2018II
1,CH061,20030307A,2,2018II
1,CQ341,20120485F,2,2018II
1,CF121,20172747A,2,2018II
1,CM131,20172747A,2,2018II
1,CM211,20150451B,2,2018II
1,CF121,20161413J,2,2018II
1,CQ111,20161413J,2,2018II
1,CC102,19992147K,2,2018II
1,CM254,19992147K,2,2018II
1,CC481,20101205A,2,2018II
1,CF221,20150497B,2,2018II
1,CC102,20170333E,2,2018II
1,CQ331,20141417J,2,2018II
1,CF121,20162704H,2,2018II
1,CF452,20050242B,4,2018II
1,CC212,20102198I,2,2018II
1,CF221,20164119E,2,2018II
1,CM313,20122652G,2,2018II
1,CF452,19980293G,4,2018II
1,CF221,20160451E,2,2018II
1,CF122,20152225J,2,2018II
1,CM261,20152225J,2,2018II
1,CC102,20162243K,2,2018II
1,CQ341,20070390G,2,2018II
1,CF221,20152704E,2,2018II
1,CM141,20172761D,2,2018II
1,CC541,20114535E,2,2018II
1,CQ111,20171613A,2,2018II
1,CQ332,20010332K,2,2018II
1,CC102,20142704B,2,2018II
1,CC101,20161486G,2,2018II
1,CM131,20161486G,2,2018II
1,IF482,20147510A,2,2018II
1,CC102,20142708H,2,2018II
1,CC101,19784121B,2,2018II
1,CC102,20150259D,2,2018II
1,CF401,20111333B,2,2018II
1,IF271,20111333B,2,2018II
1,CM141,20171571G,2,2018II
1,CF122,20162195F,2,2018II
1,CM577,19900702B,2,2018II
1,IF563,20122688A,2,2018II
1,CF121,20172752E,2,2018II
1,CF121,20170631F,2,2018II
1,CC101,20170587G,2,2018II
1,CF121,20171608H,2,2018II
1,CF581,20132640A,2,2018II
1,IF321,20131475G,2,2018II
1,CF581,20131495H,2,2018II
1,CC212,20151480F,2,2018II
1,CF121,20171413B,2,2018II
1,CF222,20010208H,2,2018II
1,CM254,20142734I,2,2018II
1,CM214,20142709D,2,2018II
1,CF222,20152716C,2,2018II
1,CF221,20112161K,2,2018II
1,CF222,20142645F,2,2018II
1,CM214,20142645F,2,2018II
1,CC201,20131479B,2,2018II
1,CF221,20100411G,2,2018II
1,CQ252,20100411G,2,2018II
1,CM211,20150539G,2,2018II
1,CQ251,20150539G,2,2018II
1,CQ111,20171616K,2,2018II
1,CF221,20152720K,2,2018II
1,CC102,20161440G,2,2018II
1,CM321,20140382H,2,2018II
1,CM361,20140382H,2,2018II
1,FI403,20141475J,2,2018II
1,FS145,20164059B,2,2018II
1,FS145,20142735E,2,2018II
1,AA231,20150355C,2,2018II
1,AA223,20151467J,2,2018II
1,AA232,20151467J,2,2018II
1,AA217,20170533D,2,2018II
1,AA222,20170533D,2,2018II
1,AA223,20170533D,2,2018II
1,AA226,20170533D,2,2018II
1,AA217,19991348B,9,2018II
1,EC115,19991348B,2,2018II
1,FI403,19991348B,2,2018II
1,SA323,19991348B,2,2018II
1,SA333,20150408J,2,2018II
1,HH221,20152173J,2,2018II
1,AA231,20101238G,2,2018II
1,FI403,20101238G,2,2018II
1,PI111,20101238G,2,2018II
1,MA143,20127035F,2,2018II
1,EC122,20131406E,2,2018II
1,HH223,20131406E,2,2018II
1,EP305,20120019E,2,2018II
1,AA231,20162205A,2,2018II
1,EP305,20150196B,2,2018II
1,SA332,20131210C,2,2018II
1,BO112,20135505H,2,2018II
1,FI403,20132662E,2,2018II
1,GA163,20102125A,2,2018II
1,AA212,20160575F,2,2018II
1,AA211,20170044C,2,2018II
1,SA515,20074041G,2,2018II
1,FI403,20160514G,2,2018II
1,EE344,20041272J,2,2018II
1,MA085,20041272J,2,2018II
1,AS141,20101250G,2,2018II
1,EP305,20101250G,2,2018II
1,SA115,19961158K,12,2018II
1,HH221,20151383K,2,2018II
1,SA332,20151383K,2,2018II
1,AA211,20174134G,2,2018II
1,AA212,20174134G,2,2018II
1,AA226,20160727K,2,2018II
1,AA224,20161430A,2,2018II
1,SA332,20150359I,2,2018II
1,AA231,20154547D,2,2018II
1,HH221,20132061A,2,2018II
1,XP100,20122629E,1,2018II
1,XP100,20122629E,1,2018II
1,AA232,20130415K,2,2018II
1,SA115,20132688D,2,2018II
1,BO112,20172213G,2,2018II
1,AA212,20170632B,2,2018II
1,AA233,20160300G,2,2018II
1,HH501,20111279H,2,2018II
1,MA143,20111279H,2,2018II
1,SP110,20111279H,2,2018II
1,SA216,20123502I,2,2018II
1,AA223,20170464B,2,2018II
1,AA224,20160582B,2,2018II
1,AHD93,20090370A,2,2018II
1,SA654,20090370A,2,2018II
1,SA746,20090370A,2,2018II
1,EC717,20110262D,2,2018II
1,AS121,20142680F,2,2018II
1,BO112,20142680F,2,2018II
1,AA231,20150373A,2,2018II
1,AA232,20150373A,2,2018II
1,AA234,20150373A,2,2018II
1,FS145,20160222F,2,2018II
1,AA233,20142580A,2,2018II
1,SA323,20142580A,2,2018II
1,XP100,20100213K,1,2018II
1,XP100,20100213K,1,2018II
1,FI403,20152115J,2,2018II
1,MA143,20152115J,2,2018II
1,FS145,20167013C,2,2018II
1,SA216,20080078F,5,2018II
1,MA143,20121278D,2,2018II
1,SA332,20162256E,2,2018II
1,AA226,20152683H,2,2018II
1,FS145,20151203B,2,2018II
1,HH221,20151203B,2,2018II
1,AA223,20174145I,2,2018II
1,FS145,20152661D,2,2018II
1,HH221,20152661D,2,2018II
1,AA223,20170388D,2,2018II
1,EE342,20120251E,2,2018II
1,SA216,20120251E,2,2018II
1,EC717,20112175A,2,2018II
1,AA233,20140392C,2,2018II
1,EC115,20140392C,2,2018II
1,AA223,20174144B,2,2018II
1,AA222,20172229K,2,2018II
1,SA216,20110203H,2,2018II
1,SA633,20110203H,2,2018II
1,AA231,20160531I,2,2018II
1,AA231,20160752E,2,2018II
1,SA413,20150312B,2,2018II
1,FS145,20154166K,2,2018II
1,AA217,20150288D,2,2018II
1,AA226,20150288D,2,2018II
1,AA214,20172706C,2,2018II
1,XA100,20132555D,1,2018II
1,XA100,20132555D,1,2018II
1,SA216,20100104G,2,2018II
1,DS111,20161374D,2,2018II
1,AA231,20162620I,2,2018II
1,AA234,20162620I,2,2018II
1,AA226,20162202B,2,2018II
1,AA214,20172730A,2,2018II
1,SA745,19972213H,5,2018II
1,SA132,20102124E,2,2018II
1,SA446,20102124E,2,2018II
1,FI403,20142747C,2,2018II
1,SA323,20142747C,2,2018II
1,SA324,20120244I,2,2018II
1,AA224,20161379F,2,2018II
1,AA227,20161379F,2,2018II
1,AA232,20161379F,2,2018II
1,AA212,20173006E,2,2018II
1,AA213,20173006E,2,2018II
1,AS101,20173006E,2,2018II
1,DS111,20120350C,2,2018II
1,HH221,20120350C,2,2018II
1,EP305,20102673I,2,2018II
1,SA332,20102673I,2,2018II
1,HH221,20152216K,2,2018II
1,SA332,20152216K,2,2018II
1,AA226,20153503C,2,2018II
1,EC311,20021284B,3,2018II
1,SA467,20042163J,2,2018II
1,SA923,20042163J,2,2018II
1,HH223,20140487D,2,2018II
1,SA333,20140487D,2,2018II
1,AA226,20151297G,2,2018II
1,AS141,20151297G,2,2018II
1,EC717,20120248D,2,2018II
1,SA216,20120248D,2,2018II
1,AA217,20170604I,2,2018II
1,EC717,20140387J,2,2018II
1,SA333,20164150J,2,2018II
1,XP100,20110230E,1,2018II
1,XP100,20110230E,1,2018II
1,AS152,20132109D,2,2018II
1,AA212,20170551B,2,2018II
1,AS121,20170551B,2,2018II
1,SA301,20170551B,2,2018II
1,EC717,20101208K,2,2018II
1,FI403,20032199A,2,2018II
1,HH221,20032199A,2,2018II
1,PI111,20032199A,2,2018II
1,AA231,20161385F,2,2018II
1,SA332,20150531F,2,2018II
1,FI403,20142169J,2,2018II
1,HH221,20142169J,2,2018II
1,FS145,20162201F,2,2018II
1,HH221,20110280B,2,2018II
1,SA445,20061304D,2,2018II
1,SA445,20131199J,2,2018II
1,AS101,20101263A,2,2018II
1,SA654,20101263A,2,2018II
1,SA216,20132654B,2,2018II
1,AA223,20172183K,2,2018II
1,AA232,20140457H,2,2018II
1,AA234,20140457H,2,2018II
1,BO112,20140457H,2,2018II
1,HH113,20111171B,2,2018II
1,HH224,20111171B,2,2018II
1,SA115,20111171B,2,2018II
1,MA143,19870583K,2,2018II
1,HH113,20145529G,2,2018II
1,AA232,20121233K,2,2018II
1,FI403,20121233K,2,2018II
1,SA216,20070370F,2,2018II
1,AA231,20141271E,2,2018II
1,AA234,20141271E,2,2018II
1,SA445,20081272K,2,2018II
1,FI403,20144568I,2,2018II
1,HH501,20121281E,2,2018II
1,CO821,20131156I,2,2018II
1,EC323,20131156I,2,2018II
1,EC211,20092083J,2,2018II
1,EC514,20132014C,2,2018II
1,CB213,20160054F,2,2018II
1,SA253,20130092G,2,2018II
1,EC323,20132557G,2,2018II
1,CB212,19942235C,2,2018II
1,TV113,20163003C,2,2018II
1,EC513,20112031J,2,2018II
1,EC211,20090249H,2,2018II
1,ES731,20090249H,2,2018II
1,GE001,20151113C,2,2018II
1,TV561,20151113C,2,2018II
1,CO923,20130140A,2,2018II
1,HH333,20130140A,2,2018II
1,HH224,20131140E,2,2018II
1,CB115,20171152D,2,2018II
1,EP111,20170012D,2,2018II
1,FI204,20172040E,2,2018II
1,EC521,20040349I,2,2018II
1,CB121,19960390G,8,2018II
1,ES531,19960390G,2,2018II
1,CB311,20162037A,2,2018II
1,TV113,20162037A,2,2018II
1,CO822,20092086I,3,2018II
1,FI204,20162529A,2,2018II
1,EC521,20094140K,2,2018II
1,HH113,20094140K,2,2018II
1,CB115,20172515C,2,2018II
1,CB412,20144005D,2,2018II
1,CB311,20160130D,2,2018II
1,CO922,20070334J,2,2018II
1,EC323,20070334J,3,2018II
1,ES831,20070334J,2,2018II
1,HH333,20070334J,5,2018II
1,SA253,20070334J,3,2018II
1,TV815,20070334J,4,2018II
1,CB212,20160042H,2,2018II
1,EP111,20160042H,2,2018II
1,FI204,20160042H,2,2018II
1,CB411,20121116D,2,2018II
1,GE001,20141068E,2,2018II
1,ES531,20021037E,2,2018II
1,CO822,20050295I,2,2018II
1,CB411,20120081B,2,2018II
1,CB115,19942181K,2,2018II
1,GE001,19942181K,2,2018II
1,TV113,20122565G,2,2018II
1,HH224,20131151G,2,2018II
1,TV114,20131151G,2,2018II
1,CB311,20161025J,2,2018II
1,EC111,20161025J,2,2018II
1,GE001,20160159B,2,2018II
1,MA611,20080208G,3,2018II
1,EC111,20154112H,2,2018II
1,HH223,20132549D,2,2018II
1,CO722,19970037H,2,2018II
1,CB213,20160065H,2,2018II
1,EC513,20090144A,2,2018II
1,EP111,20161141J,2,2018II
1,CB412,20090132C,2,2018II
1,EC612,20090132C,2,2018II
1,TV113,20090132C,4,2018II
1,CB211,20150062F,2,2018II
1,FI204,20150062F,2,2018II
1,EC114,20131117C,2,2018II
1,EC211,20144078A,2,2018II
1,EC513,20144078A,2,2018II
1,HH224,20144078A,2,2018II
1,EC521,19954516B,2,2018II
1,HH315,19954516B,2,2018II
1,SA253,19992113I,7,2018II
1,TV761,19992113I,2,2018II
1,EC114,20162050H,2,2018II
1,HH223,20141124B,2,2018II
1,HH224,20140152B,2,2018II
1,ES832,20112522C,2,2018II
1,ES831,20110074C,2,2018II
1,SA253,20110074C,2,2018II
1,TV761,20110074C,2,2018II
1,HH413,20072516H,2,2018II
1,CB213,20152026G,2,2018II
1,CO925,20110184C,2,2018II
1,EC513,20141005C,2,2018II
1,ES731,20141005C,2,2018II
1,CB213,20142205F,2,2018II
1,GE001,20142205F,2,2018II
1,HH223,20142205F,2,2018II
1,CB115,20110083B,2,2018II
1,CB212,20110083B,2,2018II
1,EC211,20152076D,2,2018II
1,EC211,20100205H,2,2018II
1,CB411,19950376A,2,2018II
1,MA195,19950376A,9,2018II
1,EC935,20052539B,2,2018II
1,GE831,20142029C,2,2018II
1,CB412,20152505B,2,2018II
1,HH223,20042122A,8,2018II
1,TV513,20042122A,2,2018II
1,CO622,20131040K,2,2018II
1,GE001,20131040K,2,2018II
1,MA195,20131040K,2,2018II
1,EP111,20170149J,2,2018II
1,EC513,20120152G,2,2018II
1,EC515,20060291F,2,2018II
1,EP111,20151072E,2,2018II
1,TV113,20160043D,2,2018II
1,TV114,20130175J,2,2018II
1,ES731,20031268J,2,2018II
1,HH113,20112055F,2,2018II
1,CB412,20160088H,2,2018II
1,HH113,20145511K,2,2018II
1,TV661,20145511K,2,2018II
1,EC111,20150092B,2,2018II
1,SA253,20111067K,2,2018II
1,GE001,20152528B,2,2018II
1,SA253,20021147E,2,2018II
1,CB412,20121013K,3,2018II
1,ES831,19780200E,2,2018II
1,TV113,20160017C,2,2018II
1,CO722,19940368F,2,2018II
1,CO920,20120091H,2,2018II
1,CO927,20120091H,2,2018II
1,EC323,20120091H,2,2018II
1,SA253,20120091H,2,2018II
1,TV661,20120091H,3,2018II
1,HH224,19961186D,12,2018II
1,CO822,20130046E,2,2018II
1,EC211,20112058E,2,2018II
1,ES731,20112058E,2,2018II
1,SA253,20112058E,2,2018II
1,HH224,20134031B,2,2018II
1,EC935,20090286K,2,2018II
1,CO721,20120120H,2,2018II
1,EC211,20140130I,2,2018II
1,TV114,20140130I,2,2018II
1,SA253,20111044K,2,2018II
1,EC111,19941144D,2,2018II
1,CO622,20130130F,2,2018II
1,HH224,20090322G,2,2018II
1,CO823,20102527B,2,2018II
1,CO921,20102527B,2,2018II
1,CB212,20162501J,2,2018II
1,FI204,20162501J,2,2018II
1,CO925,20052130G,2,2018II
1,CB411,20122060B,2,2018II
1,EC114,20122060B,2,2018II
1,EC511,20122060B,2,2018II
1,EC114,20151049C,2,2018II
1,ES731,20131107H,2,2018II
1,CB212,20170158I,2,2018II
1,EP111,20170158I,2,2018II
1,CB121,20165517D,2,2018II
1,EC513,20092540A,2,2018II
1,ES531,20092540A,2,2018II
1,CB411,20153003K,2,2018II
1,CB412,20153003K,2,2018II
1,GE001,20153003K,2,2018II
1,TV761,20141129D,2,2018II
1,ES531,20141114G,2,2018II
1,CB121,20131102F,2,2018II
1,TV114,20110126C,2,2018II
1,CB411,20151105K,2,2018II
1,CB412,20151105K,2,2018II
1,CB211,20161069G,2,2018II
1,CB212,20161069G,2,2018II
1,FI204,20161069G,2,2018II
1,SA253,20130110E,2,2018II
1,HH224,20131103B,2,2018II
1,ES731,20132012K,2,2018II
1,CO921,20074061H,2,2018II
1,GE831,20074061H,7,2018II
1,HH413,20074061H,2,2018II
1,SA253,20074061H,2,2018II
1,HH333,20060077D,2,2018II
1,TV114,20162032J,2,2018II
1,ES731,20122512K,2,2018II
1,ES531,20012650J,2,2018II
1,CB412,20114514H,2,2018II
1,CO421,20114514H,2,2018II
1,TV113,20114514H,2,2018II
1,CB412,20122064H,2,2018II
1,CO922,20102078C,2,2018II
1,GE831,20102078C,2,2018II
1,HH485,20145520J,2,2018II
1,HH223,20131091D,2,2018II
1,GE001,20142548K,2,2018II
1,ES731,20141010G,2,2018II
1,HH224,20141010G,2,2018II
1,EC211,20061272E,2,2018II
1,ES731,20061272E,2,2018II
1,HH224,20061272E,2,2018II
1,EC211,19890554F,3,2018II
1,ES731,19890554F,2,2018II
1,CB211,20170173H,2,2018II
1,CB212,20170173H,2,2018II
1,FI204,20170173H,2,2018II
1,CB412,20132510K,2,2018II
1,EC612,20132510K,2,2018II
1,TV113,20132510K,2,2018II
1,FI204,20174034B,2,2018II
1,HH413,19932514G,4,2018II
1,GE001,20151108J,2,2018II
1,EC321,20110054B,2,2018II
1,HH433,20110137E,2,2018II
1,SA253,20110137E,2,2018II
1,CB412,20140067E,2,2018II
1,CO823,20111045G,2,2018II
1,EC211,20111045G,2,2018II
1,GE001,20151135G,2,2018II
1,FI204,20162595D,2,2018II
1,CB311,20150121B,2,2018II
1,CO822,20140135K,2,2018II
1,GE831,20140135K,2,2018II
1,HH113,20140135K,2,2018II
1,CO621,20082103H,3,2018II
1,CO822,20082103H,2,2018II
1,EC613,20082103H,4,2018II
1,HH224,20082103H,6,2018II
1,HH611,20082103H,3,2018II
1,HH113,19981213G,8,2018II
1,CB213,20160063E,2,2018II
1,CB412,20150136J,2,2018II
1,ES831,19980389D,2,2018II
1,EC513,19982571D,6,2018II
1,ES531,19982571D,2,2018II
1,FI204,20161047C,2,2018II
1,ES831,20132060E,2,2018II
1,CO822,20110042D,2,2018II
1,CO622,20142543I,2,2018II
1,GE001,20142543I,2,2018II
1,ES531,20100101H,2,2018II
1,MA195,20100101H,2,2018II
1,FI204,20151021A,2,2018II
1,CO821,20131157E,2,2018II
1,CO822,20131157E,2,2018II
1,CB412,20160035A,2,2018II
1,SA253,20082568K,2,2018II
1,CB412,20162039D,2,2018II
1,CB412,19992132C,2,2018II
1,EC323,20120086D,2,2018II
1,HH425,20120086D,2,2018II
1,FI204,20162575C,2,2018II
1,TV113,20162575C,2,2018II
1,SA253,20101161D,2,2018II
1,TV661,20140111D,2,2018II
1,CB115,20171123D,2,2018II
1,TV113,20162588H,2,2018II
1,CB412,20002132F,2,2018II
1,GE001,20152526J,2,2018II
1,EC211,20111196E,2,2018II
1,CB121,20170094K,2,2018II
1,CB109,20170168D,2,2018II
1,EC114,19992154G,2,2018II
1,EC513,19992154G,2,2018II
1,CB211,20170141I,2,2018II
1,FI204,20170141I,2,2018II
1,CB213,20141152F,2,2018II
1,SA253,20060239D,2,2018II
1,CB412,20110138A,2,2018II
1,CO822,20110138A,2,2018II
1,HH113,20090318J,2,2018II
1,CB311,20164154E,2,2018II
1,EC111,20164154E,2,2018II
1,GE001,20164154E,2,2018II
1,FI204,20170023F,2,2018II
1,HH113,20127010C,2,2018II
1,CB114,20171040A,2,2018II
1,CB411,20122017J,2,2018II
1,ES831,20110060B,2,2018II
1,ES934,20110060B,2,2018II
1,CO823,20131051B,2,2018II
1,EC935,20060373B,2,2018II
1,EC521,20000202G,4,2018II
1,CB211,20140085C,2,2018II
1,TV661,20121083I,2,2018II
1,EP111,20162510I,2,2018II
1,HH113,20081285E,2,2018II
1,GE831,20122045C,2,2018II
1,EC513,20030349F,3,2018II
1,HH113,19980422A,2,2018II
1,HH113,20072539H,2,2018II
1,TV513,20072539H,2,2018II
1,EC211,20071187K,2,2018II
1,ES731,20071187K,2,2018II
1,SA253,20071187K,2,2018II
1,TV113,20141090K,2,2018II
1,CB101,20175026C,2,2018II
1,EC111,20175026C,2,2018II
1,EC611,20175026C,2,2018II
1,HH113,20140019K,2,2018II
1,ES731,20130064C,2,2018II
1,ES831,20110131G,2,2018II
1,HH224,20140079C,2,2018II
1,EC211,20142055D,2,2018II
1,EC513,20142055D,2,2018II
1,GE001,20174023K,2,2018II
1,CO823,20060088F,2,2018II
1,EC211,20060088F,5,2018II
1,ES731,20060088F,2,2018II
1,HH333,20060088F,2,2018II
1,CB411,20165524K,2,2018II
1,TV114,20165524K,2,2018II
1,HH333,20122027E,2,2018II
1,EC521,20071138J,2,2018II
1,FI203,20171433C,2,2018II
1,MA113,20171433C,2,2018II
1,MA114,20171433C,2,2018II
1,EE610,20132104B,2,2018II
1,EE515,20111022G,2,2018II
1,MA185,20141189G,2,2018II
1,EE635,20144501A,2,2018II
1,MA185,20144501A,2,2018II
1,CB411,20172212K,2,2018II
1,EE341,20131206F,2,2018II
1,MA185,20131206F,2,2018II
1,CB411,20171280B,2,2018II
1,EE341,20160254E,2,2018II
1,EC119,20131138K,2,2018II
1,CB411,20171451A,2,2018II
1,CB411,20172155G,2,2018II
1,EE112,20120370D,2,2018II
1,MA185,20120370D,2,2018II
1,EE341,20152515H,2,2018II
1,FI204,20160343H,2,2018II
1,MA133,20161254I,2,2018II
1,CB411,20171335A,2,2018II
1,FI403,20154574A,2,2018II
1,MA123,20170253A,2,2018II
1,MA123,20161265K,2,2018II
1,EE225,19730012K,4,2018II
1,FI203,20172584E,2,2018II
1,MA113,20172584E,2,2018II
1,EC119,20140473C,2,2018II
1,EE112,20140473C,2,2018II
1,CB411,20172685F,2,2018II
1,FI203,20172685F,2,2018II
1,EE635,20144027H,2,2018II
1,EE411,20141330A,2,2018II
1,EE341,20160647G,2,2018II
1,FI203,20171223I,2,2018II
1,CB411,20171075J,2,2018II
1,FI203,20171274B,2,2018II
1,MA113,20171274B,2,2018II
1,MA185,20140325D,2,2018II
1,FI204,20150277B,2,2018II
1,FI203,20174119H,2,2018II
1,EE635,20132210G,2,2018II
1,MA133,20162740D,2,2018II
1,MA195,20162740D,2,2018II
1,EE211,20042571K,2,2018II
1,EE353,20042571K,2,2018II
1,EE610,20042571K,2,2018II
1,QU111,20175501C,2,2018II
1,MA195,20162753I,2,2018II
1,EE635,20140285B,2,2018II
1,EE225,20145503H,2,2018II
1,CB411,20170297I,2,2018II
1,EE210,20131216A,2,2018II
1,EE112,20131339F,2,2018II
1,CB411,20171454K,2,2018II
1,MA143,20154534J,2,2018II
1,FI904,20162046K,2,2018II
1,FI463,20141001H,2,2018II
1,MA185,20141001H,2,2018II
1,FI203,20171202A,2,2018II
1,MA114,20171202A,2,2018II
1,CB411,20171327I,2,2018II
1,FI203,20171327I,2,2018II
1,EE211,20080390J,2,2018II
1,EE341,20152688J,2,2018II
1,FI203,20171384B,2,2018II
1,EE111,20114508H,2,2018II
1,MA195,20114508H,2,2018II
1,EE111,20141026K,2,2018II
1,MA185,20151226B,2,2018II
1,FI203,20171476D,2,2018II
1,FI403,20140467C,2,2018II
1,MA713,20140467C,2,2018II
1,EE635,20140365F,2,2018II
1,EE210,20124043H,2,2018II
1,EE112,20152041F,2,2018II
1,CB411,20171346C,2,2018II
1,FI203,20171346C,2,2018II
1,CB411,20172661J,2,2018II
1,FI203,20172661J,2,2018II
1,MA113,20172661J,2,2018II
1,MA123,20172064A,2,2018II
1,MA133,20152087F,2,2018II
1,EE341,20152193K,2,2018II
1,CB411,20171393A,2,2018II
1,FI203,20171483K,2,2018II
1,MA113,20171483K,2,2018II
1,CB411,20171246I,2,2018II
1,FI203,20171340E,2,2018II
1,MA113,20171340E,2,2018II
1,MA133,20164527F,2,2018II
1,AHD65,20162199A,2,2018II
1,IT145,20120040D,2,2018II
1,IT524,20120040D,2,2018II
1,EE521,20041016C,2,2018II
1,EE615,20041016C,2,2018II
1,EE635,20041016C,2,2018II
1,CB411,20171325F,2,2018II
1,MA113,20171325F,2,2018II
1,MA114,20171325F,2,2018II
1,MA611,20160436F,2,2018II
1,MA713,20160436F,2,2018II
1,EE341,20162181E,2,2018II
1,EE112,20152662K,2,2018II
1,EE341,20150412G,2,2018II
1,FI904,20150412G,2,2018II
1,IT145,20100126K,2,2018II
1,FI403,20164157D,2,2018II
1,EE411,20140319D,2,2018II
1,FI403,20140505B,2,2018II
1,FI463,20160208C,2,2018II
1,MA143,20160208C,2,2018II
1,MA195,20160208C,2,2018II
1,EE635,20151194C,2,2018II
1,CB411,20142681B,2,2018II
1,FI204,20142681B,2,2018II
1,MA123,20142681B,2,2018II
1,EE341,20142625E,2,2018II
1,EE211,20130286F,2,2018II
1,EE111,20142696J,2,2018II
1,MA195,20142696J,2,2018II
1,FI204,20150268C,2,2018II
1,CB411,20161214G,2,2018II
1,FI204,20161214G,2,2018II
1,MA123,20161214G,2,2018II
1,MA195,20121237F,2,2018II
1,CB411,20171198D,2,2018II
1,FI203,20171198D,2,2018II
1,MA113,20171198D,2,2018II
1,MA114,20171198D,2,2018II
1,EE635,20150157G,2,2018II
1,EE341,20150195F,2,2018II
1,MA185,20150195F,2,2018II
1,EE610,20101026J,2,2018II
1,IP101,20121312H,2,2018II
1,IT255,20124087E,2,2018II
1,EE635,20132602B,2,2018II
1,EE112,20131057K,2,2018II
1,EE635,20142052E,2,2018II
1,CB411,20171423H,2,2018II
1,FI203,20171423H,2,2018II
1,MA611,20160426K,2,2018II
1,EE112,20120270J,2,2018II
1,MA133,20152690D,2,2018II
1,FI203,20172652K,2,2018II
1,MA113,20172652K,2,2018II
1,MA114,20172652K,2,2018II
1,EE341,20141404E,2,2018II
1,MA185,20141404E,2,2018II
1,CB411,20171412F,2,2018II
1,CB412,20162646H,2,2018II
1,MA133,20162646H,2,2018II
1,CB411,20171220J,2,2018II
1,EE111,20150046K,2,2018II
1,EE210,20130193H,2,2018II
1,CB411,20171289J,2,2018II
1,MA195,20152201C,2,2018II
1,MA611,20152201C,2,2018II
1,FI203,20171299E,2,2018II
1,MA113,20171299E,2,2018II
1,MA114,20171299E,2,2018II
1,MA185,20140256B,2,2018II
1,EE635,20121159E,2,2018II
1,EE521,20132707I,2,2018II
1,MA133,20160375G,2,2018II
1,MA195,20160375G,2,2018II
1,MA611,20160375G,2,2018II
1,CB411,20172703D,2,2018II
1,FI403,20160315D,2,2018II
1,EE421,20101032J,2,2018II
1,MA185,20101032J,2,2018II
1,MA195,20101032J,2,2018II
1,EE635,20141079G,2,2018II
1,MA185,20141079G,2,2018II
1,MA113,20171446H,2,2018II
1,MA114,20170338G,2,2018II
1,FI904,20140340C,2,2018II
1,MA713,20140340C,2,2018II
1,MA123,20161473B,2,2018II
1,FI403,20162014A,2,2018II
1,MA713,20162014A,2,2018II
1,MA133,20161165F,2,2018II
1,EC119,20122508C,3,2018II
1,FI203,20172682G,2,2018II
1,EC119,20160193F,2,2018II
1,MA713,20160193F,2,2018II
1,MA143,20141401F,2,2018II
1,CB411,20172690J,2,2018II
1,MA113,20172690J,2,2018II
1,FI403,20160226A,2,2018II
1,MA133,20160226A,2,2018II
1,MA713,20160226A,2,2018II
1,CB411,20171478G,2,2018II
1,EE111,20141184E,2,2018II
1,EE341,20141184E,2,2018II
1,FI904,20141184E,2,2018II
1,EE635,20141183I,2,2018II
1,EE341,20162178D,2,2018II
1,EE545,20091041A,2,2018II
1,FI204,20161292H,2,2018II
1,MA123,20161292H,2,2018II
1,MA133,20151390G,2,2018II
1,FI403,20161011I,2,2018II
1,MA133,20161011I,2,2018II
1,EE411,19971094E,8,2018II
1,HH221,19971094E,8,2018II
1,EE610,20150082G,2,2018II
1,EE635,20095501G,4,2018II
1,CB411,20171375C,2,2018II
1,MA123,20170337K,2,2018II
1,EE111,20130346I,2,2018II
1,EM111,20060163H,2,2018II
1,HH221,20060163H,2,2018II
1,EE364,20130339B,2,2018II
1,EE411,20070216G,2,2018II
1,EM221,20070182E,2,2018II
1,EE610,20121225H,2,2018II
1,EE210,19984519J,8,2018II
1,EE421,19984519J,8,2018II
1,EP111,20160415I,2,2018II
1,MA123,20160415I,2,2018II
1,MA123,20162656C,2,2018II
1,CB411,20171415E,2,2018II
1,MA195,20121209B,2,2018II
1,EP111,20172107B,2,2018II
1,MA123,20172107B,2,2018II
1,EE441,20091178G,2,2018II
1,EP399,20171424D,2,2018II
1,FI203,20171424D,2,2018II
1,EC119,20160631C,2,2018II
1,EE340,20160631C,2,2018II
1,MA611,20160631C,2,2018II
1,EE411,20120357H,2,2018II
1,MA185,20120357H,2,2018II
1,EE523,20132566F,2,2018II
1,MA611,20120302I,2,2018II
1,MA713,20120302I,2,2018II
1,IP101,20061118F,2,2018II
1,IT524,20061118F,2,2018II
1,CB411,20171248A,2,2018II
1,FI204,20161178K,2,2018II
1,MA123,20161178K,2,2018II
1,EC119,20162168I,2,2018II
1,IT433,20120390E,2,2018II
1,CB411,20171468A,2,2018II
1,MA113,20171468A,2,2018II
1,EE635,20150371I,2,2018II
1,FI403,20160502I,2,2018II
1,MA611,20154072F,2,2018II
1,EE341,20160247I,2,2018II
1,MA713,20160247I,2,2018II
1,EE635,20140162H,2,2018II
1,MA195,20151343I,2,2018II
1,CB411,20171380G,2,2018II
1,FI203,20171380G,2,2018II
1,MA113,20171380G,2,2018II
1,MA195,20152675E,2,2018II
1,CB411,20171354F,2,2018II
1,FI203,20171354F,2,2018II
1,MA113,20171354F,2,2018II
1,CI106,20122503A,2,2018II
1,EE341,20122090I,2,2018II
1,FI403,20161269F,2,2018II
1,CB411,20172600K,2,2018II
1,EE211,20121227K,2,2018II
1,CB411,20131172D,2,2018II
1,EE210,20121176G,2,2018II
1,EE637,20121176G,2,2018II
1,CB411,20172698K,2,2018II
1,FI904,20140445J,2,2018II
1,EE354,20120315C,2,2018II
1,CB412,20075506C,2,2018II
1,FI904,20075506C,2,2018II
1,MA195,20075506C,5,2018II
1,EE363,20130254G,2,2018II
1,CB411,20171440J,2,2018II
1,FI203,20171440J,2,2018II
1,FI203,20171365H,2,2018II
1,MA114,20171365H,2,2018II
1,EE341,20150308E,2,2018II
1,EP399,20170376F,2,2018II
1,MA123,20170376F,2,2018II
1,EC119,20160391B,2,2018II
1,MA611,20160391B,2,2018II
1,MA611,20144566F,2,2018II
1,FI203,20172654C,2,2018II
1,MA113,20172654C,2,2018II
1,CB412,20142120K,2,2018II
1,MA195,20142120K,2,2018II
1,MA611,20142120K,2,2018II
1,MA133,20004037K,4,2018II
1,MA185,20154043F,2,2018II
1,EE364,20124069G,2,2018II
1,EE635,20144537F,2,2018II
1,CB411,20174048C,2,2018II
1,MA611,20162193C,2,2018II
1,MA133,20160184G,2,2018II
1,MA124,20170239I,2,2018II
1,CB411,20160121E,2,2018II
1,FI204,20160121E,2,2018II
1,EC119,20162169E,2,2018II
1,MA123,20162169E,2,2018II
1,CI106,19987003D,2,2018II
1,EE610,19987003D,10,2018II
1,EE637,19987003D,2,2018II
1,MA133,20150285E,2,2018II
1,MA195,20150285E,2,2018II
1,MA611,20150285E,2,2018II
1,EE111,20110296F,2,2018II
1,EE341,20110296F,2,2018II
1,MA143,20110296F,2,2018II
1,MA195,20110296F,2,2018II
1,CB411,20171079E,2,2018II
1,MA133,20167512J,2,2018II
1,EE421,20122592D,2,2018II
1,MA195,20122592D,2,2018II
1,CB525,20112556E,2,2018II
1,IT215,20112556E,2,2018II
1,QU111,20171461G,2,2018II
1,EM111,20101171J,2,2018II
1,EE635,20151256I,2,2018II
1,EE363,20092618K,2,2018II
1,MA185,20092618K,2,2018II
1,FI403,20160138E,2,2018II
1,FI904,20121202H,2,2018II
1,CB411,20171473E,2,2018II
1,CB411,20171128F,2,2018II
1,EE112,20111229K,4,2018II
1,FI463,20111229K,4,2018II
1,EC119,20150225B,2,2018II
1,EE111,20110013D,2,2018II
1,MA143,20110013D,2,2018II
1,MA195,20110013D,2,2018II
1,CB411,20171145H,2,2018II
1,EE315,20062586C,2,2018II
1,EE375,20062586C,2,2018II
1,EE524,20132651C,2,2018II
1,CB411,20162164C,2,2018II
1,EE341,20141093J,2,2018II
1,FI904,20141093J,2,2018II
1,FI403,20151251G,2,2018II
1,MA133,20151251G,2,2018II
1,MA611,20151251G,2,2018II
1,FI403,20150390C,2,2018II
1,MA124,20150390C,2,2018II
1,MA133,20150390C,2,2018II
1,AHD65,20150416B,2,2018II
1,EP111,20150416B,2,2018II
1,FI204,20150416B,2,2018II
1,MA123,20150416B,2,2018II
1,CB411,20150306B,2,2018II
1,EP111,20150306B,2,2018II
1,FI204,20150306B,2,2018II
1,MA124,20150306B,2,2018II
1,FI403,20162134G,2,2018II
1,FI904,20152097A,2,2018II
1,MA133,20160354J,2,2018II
1,MA713,20160354J,2,2018II
1,FI203,20172662F,2,2018II
1,MA113,20172662F,2,2018II
1,EE111,20152206E,2,2018II
1,FI904,20152206E,2,2018II
1,EE524,20121264C,2,2018II
1,FI203,20171367K,2,2018II
1,MA113,20171367K,2,2018II
1,EE111,20084107K,2,2018II
1,EM111,20084107K,2,2018II
1,MA143,20084107K,2,2018II
1,EE610,20130042J,2,2018II
1,MA185,20100350H,2,2018II
1,CB411,20151218J,2,2018II
1,MA123,20151218J,2,2018II
1,EE210,20121196H,2,2018II
1,CB525,19790199J,2,2018II
1,EE637,19790199J,2,2018II
1,EE635,20141173C,2,2018II
1,IT524,20095511B,2,2018II
1,EE214,20104078K,2,2018II
1,EE615,20104078K,2,2018II
1,EE610,20124013A,2,2018II
1,EE636,20122530I,2,2018II
1,FI204,20170252E,2,2018II
1,MA713,20111214C,3,2018II
1,EM111,20041109A,2,2018II
1,EM111,20021139B,2,2018II
1,MA123,20162626G,2,2018II
1,IT213,20140444C,2,2018II
1,EC119,20142629K,2,2018II
1,EE635,20142629K,2,2018II
1,MA143,20160192J,2,2018II
1,MA713,20160192J,2,2018II
1,MA123,20160636E,2,2018II
1,EE112,20142023E,2,2018II
1,EE610,20014010H,10,2018II
1,EE112,20140504F,2,2018II
1,EE341,20130050B,2,2018II
1,EC119,20142183B,2,2018II
1,FI204,20162747I,2,2018II
1,MA123,20170421A,2,2018II
1,MA124,20170421A,2,2018II
1,MA113,20171351G,2,2018II
1,EE610,20131442A,2,2018II
1,MA113,20171452H,2,2018II
1,MA133,20162096H,2,2018II
1,CB411,20171463J,2,2018II
1,FI904,20120405B,2,2018II
1,EE616,20120210G,2,2018II
1,MA143,20152200G,2,2018II
1,MA133,20131209E,2,2018II
1,MA611,20131209E,2,2018II
1,MA713,20131209E,2,2018II
1,EC119,20131418C,2,2018II
1,MA195,20131418C,2,2018II
1,EC119,20140197F,2,2018II
1,FI204,20162600H,2,2018II
1,MA123,20162600H,2,2018II
1,EE131,20142676I,2,2018II
1,MA133,20162616A,2,2018II
1,EE521,19961180F,2,2018II
1,MA133,20152198B,2,2018II
1,MA195,20152198B,2,2018II
1,EE112,20062028K,2,2018II
1,EE523,20062028K,2,2018II
1,CB411,20171277A,2,2018II
1,EC119,20131311D,2,2018II
1,CB411,20172619C,2,2018II
1,FI203,20172619C,2,2018II
1,MA185,20141368I,2,2018II
1,FI203,20172579A,2,2018II
1,MA114,20172579A,2,2018II
1,MA195,20160341E,2,2018II
1,CB411,20131078H,2,2018II
1,MA123,20131078H,2,2018II
1,MA124,20131078H,2,2018II
1,FI204,20170491J,2,2018II
1,HH221,20142012C,2,2018II
1,CB411,20171224E,2,2018II
1,EC119,20041011A,6,2018II
1,EE341,19981117H,2,2018II
1,HH221,19981117H,2,2018II
1,MA123,20170435B,2,2018II
1,MA611,20161316D,2,2018II
1,EE423,20112551C,2,2018II
1,EE514,20112551C,2,2018II
1,EE635,20112551C,2,2018II
1,IT524,20112124H,2,2018II
1,FI203,20171258G,2,2018II
1,MA113,20171258G,2,2018II
1,IT514,20082070B,2,2018II
1,EE214,20100230B,2,2018II
1,EE441,20100230B,2,2018II
1,EE521,20100230B,2,2018II
1,EC312,20072170D,2,2018II
1,EC312,20142730C,2,2018II
1,ES811,20101357F,2,2018II
1,ES914,20101357F,2,2018II
1,EF512,20140448I,2,2018II
1,EC711,20112624K,2,2018II
1,EA911,20040332I,11,2018II
1,ES911,20040332I,10,2018II
1,ES912,20040332I,10,2018II
1,EF811,20062629D,2,2018II
1,EC711,20091346G,2,2018II
1,EA513,20132214B,2,2018II
1,EC421,20132214B,2,2018II
1,EC511,20132214B,2,2018II
1,EC113,20161483H,2,2018II
1,EA812,20090366D,2,2018II
1,EA352,20151426A,2,2018II
1,EA113,20130498C,2,2018II
1,EC514,20130498C,2,2018II
1,ES613,20130498C,2,2018II
1,ES722,20120420A,2,2018II
1,EA352,20162725E,2,2018II
1,ED011,20070364F,3,2018II
1,EC421,20107043C,2,2018II
1,ES721,20132228C,2,2018II
1,ES722,20132228C,2,2018II
1,EC613,20124125D,2,2018II
1,ES612,20124125D,2,2018II
1,EC113,20152153I,2,2018II
1,EA613,20040274I,4,2018II
1,EC511,20040274I,7,2018II
1,EF611,20040274I,2,2018II
1,EC118,19991163B,19,2018II
1,EC711,19991163B,17,2018II
1,EA025,20084553K,2,2018II
1,ES722,20084553K,2,2018II
1,EA822,20071324H,2,2018II
1,EA921,20071324H,2,2018II
1,ES722,20101368H,2,2018II
1,EC118,20161302C,2,2018II
1,EF512,20150489J,2,2018II
1,EC419,20160236G,2,2018II
1,EA411,19790701G,10,2018II
1,EA614,19790701G,10,2018II
1,EC312,19790701G,19,2018II
1,ED111,20151423B,2,2018II
1,EA513,20121392A,2,2018II
1,EC421,20111311I,2,2018II
1,EC511,20111311I,2,2018II
1,EA713,20114139B,2,2018II
1,EC615,20114139B,2,2018II
1,ES311,20131362H,2,2018II
1,ES722,20090414I,2,2018II
1,ES412,20080161K,2,2018II
1,EC118,20170423D,2,2018II
1,EC514,20132615G,2,2018II
1,EC613,20132615G,2,2018II
1,EC512,20142731J,2,2018II
1,EC421,20120339J,2,2018II
1,ED351,20120339J,2,2018II
1,EC613,20131344J,2,2018II
1,EC419,20140291B,2,2018II
1,EC420,20151276J,2,2018II
1,EA612,20120025E,2,2018II
1,ES411,20011277C,12,2018II
1,EC118,20161136F,2,2018II
1,EA021,20020279E,2,2018II
1,EA351,20144091H,2,2018II
1,EA551,20122178C,2,2018II
1,EA812,20121273B,2,2018II
1,EC723,20121273B,2,2018II
1,EA352,20162653D,2,2018II
1,EC420,20160706C,2,2018II
1,EB513,20042117H,11,2018II
1,EC118,20160394A,2,2018II
1,EC512,20142656H,2,2018II
1,EB411,20110360F,2,2018II
1,ES722,20121442I,2,2018II
1,EC113,20161457G,2,2018II
1,EC118,20170004A,2,2018II
1,EC615,20124544G,2,2018II
1,EC312,20162218F,2,2018II
1,EC419,20132122K,2,2018II
1,EA313,20160728G,2,2018II
1,EB512,20160728G,2,2018II
1,EC419,20151373E,2,2018II
1,EC113,20162221G,2,2018II
1,EC118,20162221G,2,2018II
1,EC312,20162221G,2,2018II
1,EA113,20160511H,2,2018II
1,EC215,20160511H,2,2018II
1,ED111,20160511H,2,2018II
1,ED114,20160511H,2,2018II
1,ED132,0,2,2018II
1,EA612,20072670G,2,2018II
1,EB112,20172253I,2,2018II
1,EC711,20111294G,2,2018II
1,EA411,20151249B,2,2018II
1,ES913,20101383G,3,2018II
1,EA351,20141514E,2,2018II
1,ED351,20161402H,2,2018II
1,ES722,20121382F,2,2018II
1,EC118,20041271C,2,2018II
1,ED351,20161435C,2,2018II
1,EA822,20112662J,2,2018II
1,EA913,20112662J,2,2018II
1,EA914,20112662J,2,2018II
1,EF011,20112662J,2,2018II
1,ES613,20102190H,2,2018II
1,EB112,19930244B,2,2018II
1,ED114,20160536K,2,2018II
1,EC512,20144124C,2,2018II
1,EC419,20080350H,2,2018II
1,EA713,20071328C,2,2018II
1,ED011,20071328C,2,2018II
1,EA011,20112653K,2,2018II
1,EC113,20160732D,2,2018II
1,EC118,20160732D,2,2018II
1,EC312,20160732D,2,2018II
1,ES815,20042633F,2,2018II
1,EA352,20151366I,2,2018II
1,ES411,20152753F,2,2018II
1,EC118,20162724I,2,2018II
1,EA021,20072203J,3,2018II
1,EA551,20120343G,2,2018II
1,EB512,20120343G,2,2018II
1,EB513,20120343G,2,2018II
1,EC419,20120343G,2,2018II
1,EA612,20131237I,2,2018II
1,EA614,20131237I,2,2018II
1,EC616,20131237I,2,2018II
1,EA812,20112529H,2,2018II
1,ED132,20022616I,2,2018II
1,EC615,20121450A,2,2018II
1,EC616,20121450A,2,2018II
1,EF511,20121450A,2,2018II
1,EA812,20121336D,2,2018II
1,EA513,20150398D,2,2018II
1,EC512,20150398D,2,2018II
1,EA411,20152707D,2,2018II
1,EB112,20160729C,2,2018II
1,EC118,20160729C,2,2018II
1,ED110,20160729C,2,2018II
1,ED114,20160729C,2,2018II
1,EA452,20150515K,2,2018II
1,ED132,20162727H,2,2018II
1,ED351,20162727H,2,2018II
1,EA813,20097015B,2,2018II
1,EA513,20072199B,5,2018II
1,ED111,20072199B,11,2018II
1,GE001,20151286E,2,2018II
1,BMA02,20172620A,2,2018II
1,GE153,20120211C,2,2018II
1,GE201,20120211C,2,2018II
1,GE520,20120211C,2,2018II
1,BMA02,20171290H,2,2018II
1,GE001,20161297J,2,2018II
1,GE821,20110320D,2,2018II
1,GE901,20110320D,2,2018II
1,GE920,20110320D,2,2018II
1,GE413,20154081E,2,2018II
1,ME212,20154081E,2,2018II
1,GE114,20081215G,2,2018II
1,ME523,20040303I,2,2018II
1,ME311,20142660E,2,2018II
1,GE312,20141206I,2,2018II
1,GE413,20162103D,2,2018II
1,GE265,20134067G,2,2018II
1,GE732,20134067G,2,2018II
1,GE915,20134067G,2,2018II
1,HH115,20134067G,2,2018II
1,BFI01,20170347F,2,2018II
1,BRC01,20170347F,2,2018II
1,GE001,20160235K,2,2018II
1,GE001,20160464J,2,2018II
1,ME315,20140376H,2,2018II
1,ME212,20150063B,2,2018II
1,GE413,20164169B,2,2018II
1,ME315,20141160I,2,2018II
1,GE120,20010337B,2,2018II
1,GE265,20052620D,2,2018II
1,BMA01,20171457J,2,2018II
1,GE643,20130240F,2,2018II
1,GE733,20130240F,2,2018II
1,ME524,20134147K,2,2018II
1,GE001,20142200D,2,2018II
1,GE265,20134097C,2,2018II
1,GE643,20134097C,2,2018II
1,ME524,19930362E,2,2018II
1,ME525,19930362E,2,2018II
1,GE001,20162619K,2,2018II
1,ME525,20130291J,2,2018II
1,GE413,20160617K,2,2018II
1,ME420,20020373A,2,2018II
1,GE001,20134029H,2,2018II
1,ME211,20134029H,2,2018II
1,ME315,20141276G,2,2018II
1,BRC01,20177511F,2,2018II
1,GE413,20164073E,2,2018II
1,ME525,20114178H,2,2018II
1,GE283,20065504H,2,2018II
1,BMA02,20171296F,2,2018II
1,BMA01,20172688E,2,2018II
1,BMA01,20172626J,2,2018II
1,BMA02,20171314D,2,2018II
1,ME424,20121357A,2,2018II
1,GE001,20151291I,2,2018II
1,GE413,20160626J,2,2018II
1,BMA02,20172681K,2,2018II
1,GE323,20041280B,4,2018II
1,ME429,20041280B,2,2018II
1,MI125,19844074E,2,2018II
1,BMA01,20171436B,2,2018II
1,BRC01,20172227H,2,2018II
1,GE801,20102637B,2,2018II
1,GE901,20102637B,2,2018II
1,MA731,20112089H,2,2018II
1,BMA01,20171528D,2,2018II
1,BRC01,20170535G,2,2018II
1,GE413,20060121C,2,2018II
1,GE153,20131028K,2,2018II
1,MI102,20121279K,2,2018II
1,ME212,20154543I,2,2018II
1,GE163,20120306D,2,2018II
1,BMA02,20171097C,2,2018II
1,BMA02,20171208J,2,2018II
1,GE915,20091227H,2,2018II
1,GE643,20120113A,2,2018II
1,BFI01,20171477K,2,2018II
1,BMA01,20171477K,2,2018II
1,BQU01,20171477K,2,2018II
1,BMA01,20171530I,2,2018II
1,GE001,20140187K,2,2018II
1,CB131,20162567K,2,2018II
1,ST123,20132059G,2,2018II
1,ST113,20141034C,2,2018II
1,TP213,20141034C,2,2018II
1,GP515,20132067J,2,2018II
1,ST214,20112054J,2,2018II
1,CB132,20120168K,2,2018II
1,ST205,20110006H,2,2018II
1,ST236,20110006H,2,2018II
1,ST285,20110006H,2,2018II
1,ST214,20140006F,2,2018II
1,ST113,20164068A,2,2018II
1,ST221,20162166F,2,2018II
1,ST295,20124058E,2,2018II
1,ST344,20124058E,2,2018II
1,GP555,20132084A,2,2018II
1,CB132,20162074D,2,2018II
1,ST205,20102178H,2,2018II
1,CB313,20071034J,2,2018II
1,TP224,20021105K,12,2018II
1,CB111,20170130G,2,2018II
1,TP203,20131212F,2,2018II
1,ST214,20110076F,2,2018II
1,CB112,20151040F,2,2018II
1,HS131,20151040F,2,2018II
1,CB312,20141180J,2,2018II
1,ST203,20142078D,2,2018II
1,ST124,20111091I,2,2018II
1,ST231,20111091I,2,2018II
1,ST235,20111091I,2,2018II
1,CB312,20162122I,2,2018II
1,ST113,20162122I,2,2018II
1,TP203,20102004J,2,2018II
1,TP302,20102004J,2,2018II
1,ST264,20124007A,2,2018II
1,GP122,20011281K,2,2018II
1,CB402,20161251J,2,2018II
1,ST113,20152171G,2,2018II
1,ST235,20101214K,2,2018II
1,ST214,20100242K,2,2018II
1,ST123,20020050H,2,2018II
1,CB111,20140305C,2,2018II
1,CB302,20140305C,2,2018II
1,GP202,20160048F,2,2018II
1,GP203,20152619H,2,2018II
1,CB312,20137506A,2,2018II
1,GP515,20072533J,2,2018II
1,GP525,20072533J,2,2018II
1,ST205,20072533J,2,2018II
1,ST231,20072533J,3,2018II
1,ST334,20072533J,2,2018II
1,CB132,20164121J,2,2018II
1,CB402,20164121J,2,2018II
1,GP223,20140064F,2,2018II
1,ST113,20151242H,2,2018II
1,CB402,19800293C,6,2018II
1,CB302,20162563E,2,2018II
1,ST285,20060109C,2,2018II
1,HS101,20174131H,2,2018II
1,CB302,20131317B,2,2018II
1,CB112,20080086I,2,2018II
1,ST123,20110208J,2,2018II
1,CB222,20160294G,2,2018II
1,ST114,20111242G,2,2018II
1,ST114,19992506K,2,2018II
1,ST334,19992506K,2,2018II
1,CB122,20160178G,2,2018II
1,ST275,20090194I,2,2018II
1,ST113,20092078F,2,2018II
1,CB312,20140116F,2,2018II
1,GP202,20160036H,2,2018II
1,TP302,20160036H,2,2018II
1,GP203,20141112D,2,2018II
1,CB142,20120108H,2,2018II
1,GP202,20120108H,2,2018II
1,ST111,20120108H,2,2018II
1,TP302,20120108H,2,2018II
1,ST295,20100266G,2,2018II
1,TP224,20114077G,2,2018II
1,CB132,20160291H,2,2018II
1,CB312,20160291H,2,2018II
1,ST113,20151016H,2,2018II
1,GP314,20122071D,2,2018II
1,CB111,20162610C,2,2018II
1,ST214,20110212G,2,2018II
1,ST334,20110212G,2,2018II
1,CB412,20150241H,2,2018II
1,ST113,20150241H,2,2018II
1,ST295,20094508H,2,2018II
1,GP114,20131037J,2,2018II
1,ST235,20130232C,2,2018II
1,HS111,20171112B,2,2018II
1,TP301,20171112B,2,2018II
1,CB143,20072512B,2,2018II
1,HS101,20171240K,2,2018II
1,GP223,20140120C,2,2018II
1,TP123,20101102H,2,2018II
1,CB132,20142540J,2,2018II
1,HS121,20142540J,2,2018II
1,CB111,20161091B,2,2018II
1,CB131,20161091B,2,2018II
1,ST221,20161091B,2,2018II
1,GP205,20050022B,2,2018II
1,GP244,20050022B,3,2018II
1,ST264,20050022B,2,2018II
1,GP545,20122524I,2,2018II
1,GP154,20132563G,2,2018II
1,GP235,20130168C,2,2018II
1,GP203,20147502I,2,2018II
1,CB402,20142093C,2,2018II
1,TP302,20142093C,2,2018II
1,ST214,20080087E,2,2018II
1,CB112,20167511C,2,2018II
1,CB313,20167511C,2,2018II
1,ST203,20167511C,2,2018II
1,GP202,20130152J,2,2018II
1,ST124,20140252G,2,2018II
1,GP113,20131083A,2,2018II
1,GP203,20121213J,2,2018II
1,HS141,20152075H,2,2018II
1,GP203,20114001K,2,2018II
1,TP503,20114001K,2,2018II
1,TP414,20101068D,2,2018II
1,ST285,20110118K,2,2018II
1,CB402,20161181A,2,2018II
1,ST214,20131328D,2,2018II
1,GP555,20121086H,2,2018II
1,HS102,20072538A,2,2018II
1,ST334,20072538A,2,2018II
1,ST334,20142159D,2,2018II
1,CB112,20167516E,2,2018II
1,CB302,20167516E,2,2018II
1,HS131,20167516E,2,2018II
1,CB302,20152628G,2,2018II
1,HS131,20152628G,2,2018II
1,ST202,20152628G,2,2018II
1,ST103,20170296B,2,2018II
1,ST124,20122079E,2,2018II
1,TP123,20090264G,2,2018II
1,CB312,20120206J,2,2018II
1,GP202,20120206J,2,2018II
1,GP235,20111072D,2,2018II
1,GP525,20102599C,2,2018II
1,HS101,20171013D,2,2018II
1,ST124,20070179D,2,2018II
1,ST113,20151042I,2,2018II
1,GP235,20032559H,2,2018II
1,GP555,20041122H,5,2018II
1,TP254,20041122H,2,2018II
1,CB312,20154093C,2,2018II
1,ST113,20154093C,2,2018II
1,ST235,20110020K,2,2018II
1,ST414,20110020K,2,2018II
1,CB302,20151195J,2,2018II
1,TP224,20142582D,2,2018II
1,CB402,20161040I,2,2018II
1,ST222,20141102I,2,2018II
1,TP103,20141102I,2,2018II
1,ST203,20152069H,2,2018II
1,ST113,20151217C,2,2018II
1,HS121,20162590B,2,2018II
1,ST103,20162590B,2,2018II
1,ST203,20151060G,2,2018II
1,ST123,20107019E,2,2018II
1,HS131,20141092C,2,2018II
1,TP302,20141092C,2,2018II
1,CB142,20120188A,2,2018II
1,CB412,20120188A,2,2018II
1,ST255,20062043J,2,2018II
1,ST295,20062043J,2,2018II
1,HS101,20172558D,2,2018II
1,CB222,20162537D,2,2018II
1,CB402,20162537D,2,2018II
1,HS121,20162537D,2,2018II
1,TP302,20142539A,2,2018II
1,HS101,20171292K,2,2018II
1,CB222,20092035E,11,2018II
1,HS131,20092035E,7,2018II
1,ST415,20072531G,2,2018II
1,GP234,20080102D,2,2018II
1,TP301,20171113I,2,2018II
1,GP314,20131224D,2,2018II
1,ST205,20092525B,2,2018II
1,ST124,20077510H,2,2018II
1,GP203,20140153I,2,2018II
1,TP505,20091256H,2,2018II
1,GP203,20130242I,2,2018II
1,ST123,20130242I,2,2018II
1,ST114,20092577B,2,2018II
1,ST205,20091157J,2,2018II
1,ST255,20072045E,2,2018II
1,ST285,20072045E,2,2018II
1,CB312,20160614A,2,2018II
1,ST202,20160245F,2,2018II
1,ST222,20151223C,2,2018II
1,TP302,20151223C,2,2018II
1,HS131,20160244J,2,2018II
1,ST113,20132571J,2,2018II
1,GP235,20031179G,2,2018II
1,HS404,20010076D,11,2018II
1,ST275,20010076D,2,2018II
1,CB312,20160023C,2,2018II
1,CB402,20161080K,2,2018II
1,CB221,20160268F,2,2018II
1,CB402,20160268F,2,2018II
1,CB132,20092075G,7,2018II
1,CB402,20092075G,9,2018II
1,GP244,20101147A,2,2018II
1,CB132,20150125H,2,2018II
1,CB402,20150125H,2,2018II
1,TP213,20082588A,2,2018II
1,GP525,20091194B,2,2018II
1,TP224,20140018D,2,2018II
1,TP213,20152574D,2,2018II
1,ST205,20092616H,2,2018II
1,CB132,20162579I,2,2018II
1,CB402,20162579I,2,2018II
1,GP234,20154010K,2,2018II
1,HS101,20170188E,2,2018II
1,TP301,20170188E,2,2018II
1,ST214,20110107I,2,2018II
1,GP154,20081168I,2,2018II
1,GP245,20081168I,2,2018II
1,GP545,20081168I,2,2018II
1,TP314,20081168I,2,2018II
1,TP505,20081168I,2,2018II
1,TP301,20170261D,2,2018II
1,ST202,20150212H,2,2018II
1,HS131,20162526B,2,2018II
1,ST111,20162526B,2,2018II
1,CB402,20164511B,2,2018II
1,HS121,20164511B,2,2018II
1,ST202,20164511B,2,2018II
1,ST124,20111102K,2,2018II
1,ST214,20111102K,2,2018II
1,GP234,20132692A,2,2018II
1,TP123,20132692A,2,2018II
1,HS101,20171293G,2,2018II
1,ST123,20120294F,2,2018II
1,ST133,20120294F,2,2018II
1,HS131,20151155H,2,2018II
1,ST222,20151155H,2,2018II
1,ST205,20111260E,2,2018II
1,ST285,20100130H,2,2018II
1,GP101,20171027E,2,2018II
1,HS101,20171027E,2,2018II
1,HS111,20171027E,2,2018II
1,CB222,20177012J,2,2018II
1,GP525,19840032F,4,2018II
1,HS101,20171217I,2,2018II
1,ST285,20032551G,2,2018II
1,CB112,20150059E,2,2018II
1,CB222,20150059E,2,2018II
1,HS121,20150059E,2,2018II
1,HS141,20150059E,2,2018II
1,GP314,20120263C,2,2018II
1,ST274,20101128G,2,2018II
1,HS111,20172524B,2,2018II
1,ST205,20111203A,2,2018II
1,ST202,20102062J,2,2018II
1,ST203,20051068F,5,2018II
1,ST235,20032555B,2,2018II
1,ST205,20092587H,2,2018II
1,GP234,20121387H,2,2018II
1,TP301,20144153C,2,2018II
1,ST203,20121199G,2,2018II
1,ST205,20130039I,2,2018II
1,GP324,19991103J,4,2018II
1,HS101,20170035D,2,2018II
1,ST124,20144529C,2,2018II
1,ST205,20021088I,7,2018II
1,ST113,20153004G,2,2018II
1,CB402,20141029J,2,2018II
1,GP112,20141029J,2,2018II
1,GP244,20120095C,2,2018II
1,GP314,20120095C,2,2018II
1,GP404,20120095C,2,2018II
1,MB147,20141252K,2,2018II
1,MB224,20172163J,2,2018II
1,MC510,20172163J,2,2018II
1,MC509,20160123H,2,2018II
1,MC112,20174029I,2,2018II
1,MC401,20174029I,2,2018II
1,MC502,20174029I,2,2018II
1,MT516,20041045C,2,2018II
1,ML202,20151103H,2,2018II
1,MV214,20130372J,2,2018II
1,MB223,20171175D,2,2018II
1,MC337,20144533K,2,2018II
1,MB223,20171328E,2,2018II
1,MN163,20022520A,2,2018II
1,MB613,20161065A,2,2018II
1,MB224,20127046H,2,2018II
1,MB545,20127046H,3,2018II
1,MB155,20150110K,2,2018II
1,ML140,20150110K,2,2018II
1,MN310,19970072H,15,2018II
1,MT227,19970072H,4,2018II
1,MB148,20130250A,2,2018II
1,MB613,20130250A,2,2018II
1,MC114,20130250A,2,2018II
1,MC512,20130250A,2,2018II
1,MC338,20142040G,2,2018II
1,ML713,20040234G,2,2018II
1,ML951,20040234G,2,2018II
1,MB226,20160210H,2,2018II
1,MB312,19830007I,4,2018II
1,MC401,19830007I,5,2018II
1,MC502,19830007I,5,2018II
1,MB312,20172585A,2,2018II
1,MC502,20172585A,2,2018II
1,MB536,20111226A,2,2018II
1,MB155,20132652J,2,2018II
1,MN216,20132652J,2,2018II
1,ML202,20112596G,2,2018II
1,MB223,20172704K,2,2018II
1,MC114,20161056B,2,2018II
1,MS112,20161056B,2,2018II
1,ML202,20150004F,2,2018II
1,ML831,20150004F,2,2018II
1,MT127,20150004F,2,2018II
1,ML214,19841273G,2,2018II
1,MC589,20134020K,2,2018II
1,MN136,20134020K,2,2018II
1,MB224,20170343K,2,2018II
1,MN114,20121010A,2,2018II
1,MB613,20162127K,2,2018II
1,ML114,20152622I,2,2018II
1,MC324,19990327A,3,2018II
1,MB146,20160646K,2,2018II
1,MB223,20160646K,2,2018II
1,MC502,20160646K,2,2018II
1,MC338,20152566A,2,2018II
1,MB146,20171058H,2,2018II
1,MB312,20171058H,2,2018II
1,MB844,20171058H,2,2018II
1,MV615,20120317F,2,2018II
1,ML114,20160299I,2,2018II
1,MC112,20161160D,2,2018II
1,MB536,20122081J,2,2018II
1,MC324,20122081J,2,2018II
1,MN217,20122081J,2,2018II
1,MN310,20130045I,2,2018II
1,MT235,20155505C,2,2018II
1,MC417,20140183E,2,2018II
1,MB613,20131354E,2,2018II
1,MN136,19801212G,2,2018II
1,MV211,20121435B,2,2018II
1,MN232,20131044F,2,2018II
1,MT736,20131044F,2,2018II
1,MB148,20151308I,2,2018II
1,MB545,20151308I,2,2018II
1,MB223,20171232H,2,2018II
1,MB312,20171232H,2,2018II
1,MC502,20171232H,2,2018II
1,MB155,20160146H,2,2018II
1,MC114,20161168E,2,2018II
1,MS112,20161168E,2,2018II
1,ML140,20150156K,2,2018II
1,MN217,20121183C,2,2018II
1,MC571,20132535C,2,2018II
1,MT136,20132535C,2,2018II
1,MS112,20130010K,2,2018II
1,ML140,20112686F,2,2018II
1,ML214,20127016A,2,2018II
1,MB536,20130229B,2,2018II
1,MB545,20175020E,2,2018II
1,MC502,20175020E,2,2018II
1,MB165,20140132A,2,2018II
1,MB155,20152549J,2,2018II
1,MC510,20152549J,2,2018II
1,XA100,20134548E,1,2018II
1,XA100,20134548E,1,2018II
1,MC324,20142075E,2,2018II
1,MV643,20112120B,2,2018II
1,MC612,20112093E,2,2018II
1,MB226,20162530J,2,2018II
1,ML114,20141222D,2,2018II
1,MB165,20170285K,2,2018II
1,MC589,20020312B,2,2018II
1,MB224,20160201I,2,2018II
1,MC601,20062563C,2,2018II
1,MB165,20164164K,2,2018II
1,MC114,20164164K,2,2018II
1,MB223,20172705G,2,2018II
1,MB155,20160150E,2,2018II
1,ML140,20160150E,2,2018II
1,MN121,20160150E,2,2018II
1,MV461,20131161B,2,2018II
1,ML831,20140095I,2,2018II
1,MB545,20164039A,2,2018II
1,ML140,20164039A,2,2018II
1,ML511,20130167G,2,2018II
1,MC510,20164521H,2,2018II
1,MC338,20160064A,2,2018II
1,MC361,20160064A,2,2018II
1,ML140,20160064A,2,2018II
1,MB146,20174135C,2,2018II
1,MB223,20174135C,2,2018II
1,MN464,20071176I,2,2018II
1,MB147,20174032J,2,2018II
1,MB165,20174032J,2,2018II
1,MC585,20102558E,2,2018II
1,MB147,20141188K,2,2018II
1,MC401,20141188K,2,2018II
1,MC401,20160219E,2,2018II
1,MC337,20114086F,2,2018II
1,ML140,20127037I,2,2018II
1,MC325,20140309I,2,2018II
1,MC509,20130509E,2,2018II
1,MC338,20140500K,2,2018II
1,MB223,20172597J,2,2018II
1,MB545,20120191B,3,2018II
1,MC509,20161067D,2,2018II
1,MV643,20091141F,2,2018II
1,MB155,20120145K,2,2018II
1,MN217,20120145K,2,2018II
1,MC510,20160234D,2,2018II
1,MB147,20170311A,2,2018II
1,ML140,19970413J,22,2018II
1,MC589,19800195A,2,2018II
1,MB148,20152583C,2,2018II
1,MB613,20152583C,2,2018II
1,MN204,20142664K,2,2018II
1,ML839,20120166H,2,2018II
1,MN310,20120166H,2,2018II
1,MT736,20124017G,2,2018II
1,MB147,20174005B,2,2018II
1,MN217,20152125E,2,2018II
1,MB224,20094059I,2,2018II
1,MC510,20142084D,2,2018II
1,MB155,20162059E,2,2018II
1,MC112,20162611J,2,2018II
1,ML214,20121073C,2,2018II
1,MN114,20143002A,2,2018II
1,MB613,20160654C,2,2018II
1,MC505,20171029H,2,2018II
1,MB224,20132664H,2,2018II
1,MC401,20132664H,2,2018II
1,MN204,20152009E,2,2018II
1,MV435,20130378H,2,2018II
1,MC502,20171177G,2,2018II
1,MB148,20160233H,2,2018II
1,MC589,20092100A,2,2018II
1,MB165,20172048F,2,2018II
1,MC509,20172048F,2,2018II
1,MC510,20170262K,2,2018II
1,MC751,20112056B,2,2018II
1,MB223,20171209F,2,2018II
1,MB312,20171209F,2,2018II
1,MC505,20171209F,2,2018II
1,MB148,20160720F,2,2018II
1,MC338,20142616F,2,2018II
1,MN204,20142616F,2,2018II
1,ML214,20114127D,2,2018II
1,MB223,20171140F,2,2018II
1,MS112,20170086H,2,2018II
1,MB148,20161014H,2,2018II
1,MB146,20171148G,2,2018II
1,MB223,20171148G,2,2018II
1,MB312,20171148G,2,2018II
1,MC502,20171148G,2,2018II
1,MB545,20131022B,2,2018II
1,MC338,20131022B,2,2018II
1,MC571,20102132H,4,2018II
1,MB223,20171394H,2,2018II
1,ML713,20121098F,2,2018II
1,MS112,20170095G,2,2018II
1,MC337,20162011B,2,2018II
1,MC502,20172588K,2,2018II
1,ML214,20131306K,2,2018II
1,MT235,20154014F,2,2018II
1,MT616,20112523J,2,2018II
1,MT616,20132006K,2,2018II
1,MV214,20101277B,2,2018II
1,MB148,20090078I,2,2018II
1,MB613,20090078I,2,2018II
1,MC114,20090078I,2,2018II
1,MC512,20090078I,2,2018II
1,MB148,20161034I,2,2018II
1,MV113,20171495I,2,2018II
1,ML202,20081181E,2,2018II
1,MB223,20171247E,2,2018II
1,MB312,20171247E,2,2018II
1,MB155,20100216J,2,2018II
1,MB147,20160687I,2,2018II
1,MS112,20160687I,2,2018II
1,ML202,20121008G,2,2018II
1,MB545,20142620C,2,2018II
1,ML244,19741037J,2,2018II
1,MB155,20167009F,2,2018II
1,MB165,20151176E,2,2018II
1,MC510,20151176E,2,2018II
1,ML713,20071145F,2,2018II
1,MN204,20140418B,2,2018II
1,ML951,20051101C,2,2018II
1,MB545,20151112G,2,2018II
1,ML214,20075505G,2,2018II
1,ML837,20075505G,2,2018II
1,MN116,20075505G,17,2018II
1,MN216,20075505G,16,2018II
1,MT136,20131020J,2,2018II
1,MT235,20131020J,2,2018II
1,MC337,20151362C,2,2018II
1,ML202,20142007J,2,2018II
1,MT235,20142007J,2,2018II
1,MT417,20142007J,2,2018II
1,MC338,20142208E,2,2018II
1,MC337,20160077F,2,2018II
1,MT235,20165027G,2,2018II
1,MB147,20111165B,2,2018II
1,MB165,20111165B,2,2018II
1,MC510,20111165B,2,2018II
1,ML830,20092613I,2,2018II
1,MV214,20092613I,2,2018II
1,MT818,20130108K,2,2018II
1,MN217,20142550E,2,2018II
1,MB545,20120138D,2,2018II
1,MS112,20120138D,2,2018II
1,ML313,20100207K,2,2018II
1,MB223,20170437E,2,2018II
1,MC502,20170437E,2,2018II
1,MB312,19830251G,9,2018II
1,ML114,20122590A,2,2018II
1,MN116,20142600B,2,2018II
1,MS213,20142600B,2,2018II
1,ML214,20092076C,2,2018II
1,MT221,20035501K,2,2018II
1,MC505,20177502G,2,2018II
1,MS112,20177502G,2,2018II
1,MB148,20140315I,2,2018II
1,MC114,20140315I,2,2018II
1,MC337,20140315I,2,2018II
1,MB536,20130279J,2,2018II
1,MN314,19940133I,2,2018II
1,MT736,20112519B,2,2018II
1,ML511,20132162B,2,2018II
1,MN136,20132162B,2,2018II
1,MT136,20131049H,2,2018II
1,MT235,20131049H,2,2018II
1,MT227,20142508I,2,2018II
1,MC571,20132517E,2,2018II
1,MT136,20132517E,2,2018II
1,MT242,20132517E,2,2018II
1,MT736,20132517E,2,2018II
1,MV615,20131189D,2,2018II
1,MB223,20171061I,2,2018II
1,MC505,20171061I,2,2018II
1,MB147,20172051G,2,2018II
1,MB165,20172051G,2,2018II
1,MC112,20172051G,2,2018II
1,MC401,20172051G,2,2018II
1,MC510,20172051G,2,2018II
1,MB613,20160187F,2,2018II
1,MB155,20132675J,2,2018II
1,MB146,20171422A,2,2018II
1,MB223,20171422A,2,2018II
1,ML202,19820910H,2,2018II
1,MC337,20164060K,2,2018II
1,MB147,20164548C,2,2018II
1,MV211,20131254K,3,2018II
1,MB155,20142035C,2,2018II
1,MB613,20142035C,2,2018II
1,MC338,20142035C,2,2018II
1,MB545,20161057I,2,2018II
1,MV615,20121379E,2,2018II
1,MB165,20170269E,2,2018II
1,MB224,20170269E,2,2018II
1,MB536,20141205B,2,2018II
1,MN204,20141205B,2,2018II
1,MT247,20100039K,2,2018II
1,MB226,20081072A,2,2018II
1,MC337,20081072A,8,2018II
1,MN310,20034509H,2,2018II
1,MN114,19970194F,6,2018II
1,MB155,20120267I,2,2018II
1,ML140,20141146F,2,2018II
1,MV615,20121350G,2,2018II
1,MB545,20140023H,2,2018II
1,MC401,20140023H,2,2018II
1,MC509,20140023H,2,2018II
1,ML140,20140023H,2,2018II
1,ML140,20150170C,2,2018II
1,ML202,20153507I,2,2018II
1,MN153,20101165J,2,2018II
1,MS311,20111122A,2,2018II
1,MT616,20111122A,2,2018II
1,ML511,20092041E,2,2018II
1,MC234,20102057F,2,2018II
1,MB148,20153508E,2,2018II
1,MC509,20153508E,2,2018II
1,MB545,20160256H,2,2018II
1,ML611,19942048I,2,2018II
1,MN136,19942048I,2,2018II
1,MC112,20170217E,2,2018II
1,MC510,20161206D,2,2018II
1,MN232,19942083I,10,2018II
1,MB155,20150527I,2,2018II
1,MC213,20124054J,2,2018II
1,MC115,20122131G,2,2018II
1,MB224,20170393H,2,2018II
1,MV461,20102616E,2,2018II
1,MB155,20072078K,10,2018II
1,ML611,19970288K,2,2018II
1,ML830,19970288K,2,2018II
1,MB224,20160767B,2,2018II
1,MB545,20160767B,2,2018II
1,ML214,20132108H,2,2018II
1,ML202,20147501B,2,2018II
1,MT235,20147501B,2,2018II
1,MT247,20147501B,2,2018II
1,MT516,20147501B,2,2018II
1,MC571,20141165K,2,2018II
1,MB224,20100103K,2,2018II
1,MC510,20100103K,2,2018II
1,MV615,20100259K,2,2018II
1,MC510,20151182E,2,2018II
1,MT818,20132010H,2,2018II
1,ML214,20144019E,2,2018II
1,MN232,20144019E,2,2018II
1,ML713,20097026D,2,2018II
1,MS311,20097026D,2,2018II
1,MB158,20101074D,2,2018II
1,MB147,20170366K,2,2018II
1,ML214,19800680G,2,2018II
1,MC502,20171210D,2,2018II
1,MS311,20091091I,2,2018II
1,MB224,20151227I,2,2018II
1,MB155,20130448F,2,2018II
1,MC510,20130448F,2,2018II
1,MC114,20150119H,2,2018II
1,MC510,20165523D,2,2018II
1,MB147,20170278D,2,2018II
1,MC401,20170278D,2,2018II
1,MC510,20170278D,2,2018II
1,MB536,20132146G,2,2018II
1,MC324,20132146G,2,2018II
1,MN204,20042517F,7,2018II
1,MN114,20140189C,2,2018II
1,MN216,20140189C,2,2018II
1,MB536,20142632A,2,2018II
1,MT227,20132037C,2,2018II
1,MB613,19850219A,20,2018II
1,MC401,20161308A,2,2018II
1,MV615,20120235J,2,2018II
1,MB545,20152548C,2,2018II
1,ML214,20112558H,2,2018II
1,ML839,20112558H,2,2018II
1,MS311,20111210H,2,2018II
1,MS525,20111210H,2,2018II
1,MN217,20152040J,2,2018II
1,MC571,20132609G,2,2018II
1,MN310,20050089J,2,2018II
1,MT136,20050089J,2,2018II
1,MB148,20151470K,2,2018II
1,ML140,20141082H,2,2018II
1,MC502,20171083B,2,2018II
1,MN136,20021068H,2,2018II
1,MB155,20162088E,2,2018II
1,MC213,20162088E,2,2018II
1,MC417,20152079C,2,2018II
1,ML140,20152079C,2,2018II
1,PI135,20132659D,2,2018II
1,PQ423,20132659D,2,2018II
1,PQ222,20091384F,2,2018II
1,PM212,20160763G,2,2018II
1,PP424,19900273D,6,2018II
1,PG221,20160772F,2,2018II
1,HC516,20094162D,2,2018II
1,PP321,20094162D,2,2018II
1,PP522,20094162D,2,2018II
1,PQ122,20152657G,2,2018II
1,PM211,20091263D,2,2018II
1,PP212,20091263D,2,2018II
1,PQ423,20132668C,2,2018II
1,PF211,20150433D,2,2018II
1,PP321,20150467F,2,2018II
1,PH511,20120287J,2,2018II
1,PP421,20120287J,2,2018II
1,PP423,20120287J,2,2018II
1,PP426,20120287J,2,2018II
1,PF111,20171588G,2,2018II
1,PQ313,20140455E,2,2018II
1,EC310,20152161A,2,2018II
1,PI313,20152161A,2,2018II
1,PF111,20171575B,2,2018II
1,PF111,20171460K,2,2018II
1,PM111,20172711G,2,2018II
1,PF111,20171255H,2,2018II
1,PH111,20171255H,2,2018II
1,PQ112,20171255H,2,2018II
1,PQ423,20134073G,2,2018II
1,PF111,20171315K,2,2018II
1,PQ112,20172576B,2,2018II
1,PM122,20170368C,2,2018II
1,MA133,20161328B,2,2018II
1,PI111,20150415F,2,2018II
1,PIT23,20121433J,2,2018II
1,QU517,20121433J,2,2018II
1,FI403,20150441G,2,2018II
1,MA143,20150441G,2,2018II
1,HC443,20071165G,2,2018II
1,PI426,20071165G,2,2018II
1,PI475,20071165G,2,2018II
1,MA123,20170565C,2,2018II
1,MA124,20170565C,2,2018II
1,QU334,20100370I,2,2018II
1,MA133,20161097K,2,2018II
1,QU526,20141265E,2,2018II
1,PI135,20122631J,2,2018II
1,PI225,20122631J,2,2018II
1,MA133,20091353C,2,2018II
1,EC618,20030462G,2,2018II
1,PIT61,20030462G,2,2018II
1,PI216,20030462G,2,2018II
1,QU334,20030462G,2,2018II
1,MA123,20172266C,2,2018II
1,MA143,19931219A,2,2018II
1,EM811,20141509A,2,2018II
1,PI365,20040385E,2,2018II
1,MA123,20151492D,2,2018II
1,PI111,20150372E,2,2018II
1,QU324,20150372E,2,2018II
1,QU526,20150372E,2,2018II
1,PI118,19870040G,9,2018II
1,QU526,20112628F,2,2018II
1,EE102,20091255A,7,2018II
1,MA124,20091255A,7,2018II
1,PA714,20141357G,2,2018II
1,QU324,20141357G,2,2018II
1,PA714,20110451A,2,2018II
1,EC618,19971241H,4,2018II
1,PI911,20051205C,2,2018II
1,PI216,19950481J,8,2018II
1,QU324,19950481J,7,2018II
1,PI143,20122621D,2,2018II
1,FI204,20172216F,2,2018II
1,MA123,20172216F,2,2018II
1,QU118,20172216F,2,2018II
1,QU119,20172216F,2,2018II
1,MA133,20177014B,2,2018II
1,FI204,20030378F,5,2018II
1,FI204,20170591D,2,2018II
1,MA124,20170591D,2,2018II
1,FI203,20171552B,2,2018II
1,MA113,20171552B,2,2018II
1,MA114,20171552B,2,2018II
1,PIT61,20072164D,6,2018II
1,PI111,20072164D,7,2018II
1,FI152,20121420E,2,2018II
1,FI203,20171568F,2,2018II
1,MA114,20171568F,2,2018II
1,QU334,20070382D,2,2018II
1,MA133,20150442C,2,2018II
1,EE621,20102680E,2,2018II
1,PA714,20140310G,2,2018II
1,EC618,20071300A,2,2018II
1,PI523,20151289D,2,2018II
1,QU324,20151289D,2,2018II
1,PI216,20012184I,2,2018II
1,FI203,20171541K,2,2018II
1,PA113,20121439H,2,2018II
1,FI403,20161439I,2,2018II
1,PIT21,20062675F,3,2018II
1,QU118,20062675F,5,2018II
1,QU119,20062675F,4,2018II
1,PI513,20110396K,2,2018II
1,PI523,20150457K,2,2018II
1,PA714,20151436G,2,2018II
1,PI426,19950466K,8,2018II
1,PI523,20151367E,2,2018II
1,QU435,20151367E,2,2018II
1,EE102,20131499C,2,2018II
1,MA143,20131499C,2,2018II
1,FI203,20171420I,2,2018II
1,MA113,20171420I,2,2018II
1,PI118,20171420I,2,2018II
1,QU116,20171420I,2,2018II
1,QU117,20171420I,2,2018II
1,PI111,20151062J,2,2018II
1,PI111,20150471C,2,2018II
1,PIT52,20141490I,2,2018II
1,PA113,20010399H,2,2018II
1,PI826,20072088F,2,2018II
1,PI225,20122654J,2,2018II
1,MA124,20170336D,2,2018II
1,QU119,20082175I,8,2018II
1,PI225,20122177G,2,2018II
1,FI204,20161372A,2,2018II
1,MA123,20161372A,2,2018II
1,MA713,20161372A,2,2018II
1,PI217,20131462B,2,2018II
1,QU324,20154501D,2,2018II
1,EM811,20150481I,2,2018II
1,MA123,20172204H,2,2018II
1,MA143,19992669G,15,2018II
1,FI204,20162607B,2,2018II
1,PA714,20140497J,2,2018II
1,PI216,20140497J,2,2018II
1,PI225,20132720E,2,2018II
1,PI111,20131450D,2,2018II
1,FI152,20152162H,2,2018II
1,QU324,20152162H,2,2018II
1,MA143,20152552K,2,2018II
1,MA612,20152552K,2,2018II
1,PI225,20031199H,2,2018II
1,PA113,20131427B,2,2018II
1,PI513,20131427B,2,2018II
1,MA124,20161310F,2,2018II
1,PI826,20110381C,2,2018II
1,MA123,20170463F,2,2018II
1,PI523,20081321A,2,2018II
1,PI426,20081134G,2,2018II
1,MA612,20151330D,2,2018II
1,PI426,20110404C,2,2018II
1,PI100,20171532A,2,2018II
1,MA124,20170031I,2,2018II
1,PI216,20101307I,2,2018II
1,EP307,20161186C,2,2018II
1,PI225,20130427I,2,2018II
1,AU511,20172638H,2,2018II
1,FI203,20172638H,2,2018II
1,QU116,20172638H,2,2018II
1,PI111,19920516J,7,2018II
1,QU334,20140507E,2,2018II
1,MA124,20170475D,2,2018II
1,MA612,20160369G,2,2018II
1,PI140,20132134I,2,2018II
1,QU526,20132134I,2,2018II
1,MA143,20160579A,2,2018II
1,PIT23,20020499E,5,2018II
1,MA123,20162692J,2,2018II
1,QU526,20145031I,2,2018II
1,PA515,20101406G,2,2018II
1,QU324,20151235A,2,2018II
1,MA113,20171515J,2,2018II
1,PI225,20132711F,2,2018II
1,MA123,20164556F,2,2018II
1,PI111,20140426E,2,2018II
1,QU434,20140426E,2,2018II
1,MA124,20170175K,2,2018II
1,PI510,20032155D,11,2018II
1,PIT52,20142195K,2,2018II
1,QU334,20132685E,2,2018II
1,QU526,20132685E,2,2018II
1,MA124,20170542C,2,2018II
1,EE102,20141507I,2,2018II
1,EM560,20141507I,2,2018II
1,MA143,20141507I,2,2018II
1,PIT31,20141507I,2,2018II
1,FI152,20154035C,2,2018II
1,PI111,20154035C,2,2018II
1,PI523,20154035C,2,2018II
1,QU434,20154035C,2,2018II
1,QU516,20154035C,2,2018II
1,QU435,20110427C,2,2018II
1,PI523,20082660D,7,2018II
1,QU526,20082660D,4,2018II
