id,codalu,"Código
Curso","N° Total de
Repeticiones"
1,20141493H,FA105,2
1,20090462C,FA109,2
1,19991269E,FA191,11
1,20120417K,FA103,2
1,20120417K,FA271,2
1,20111054F,FA215,2
1,20091236G,FA109,2
1,20131198C,FA162,2
1,20107021J,FA284,2
1,20062681F,FA109,2
1,20170489E,FA432,2
1,20171373K,FA621,2
1,20140544H,FA107,2
1,20151305J,FA396,2
1,20042696H,FA215,2
1,20112693B,FA109,2
1,20117513B,FA293,2
1,20100472F,FA192,2
1,20120451D,FA224,2
1,20151500G,FA347,2
1,20101351H,FA732,2
1,20111422E,FA109,2
1,20152735H,FA273,2
1,20147511H,FA105,2
1,20080450B,FA192,2
1,20112697H,FA374,2
1,20162065E,FA396,2
1,20171404C,FA621,2
1,20082078C,FA515,2
1,20170541G,FA431,2
1,20160518B,FA396,2
1,20114124E,FA347,2
1,20097018A,FA109,2
1,20081404D,FA121,2
1,20032679C,FA592,2
1,20132730K,FA106,2
1,20152692G,FA104,2
1,20144535C,FA515,2
1,19980571G,FA592,2
1,20101449H,FA107,2
1,20101449H,FA224,2
1,20152263I,FA347,2
1,20152263I,FA396,2
1,20152263I,FA516,2
1,20130533C,FA121,2
1,20111170F,FA223,2
1,20114094I,FA704,2
1,20082585B,FA109,2
1,20081398D,FA108,2
1,20132242F,FA109,2
1,20120398F,FA109,2
1,20120431C,FA347,2
1,20100460H,FA107,2
1,20140347H,FA161,2
1,20121455C,FA710,2
1,20001389C,FA607,2
1,19954078E,FA592,2
1,20120342K,FA293,2
1,20120342K,FA701,2
1,20160551J,FA104,2
1,20132239E,FA108,2
1,20151459G,FA615,2
1,20141497C,FA348,2
1,20141497C,FA397,2
1,19910684G,FA110,9
1,20121198K,FA327,2
1,20151413G,FA105,2
1,20022675E,FA192,2
1,20090463J,FA348,2
1,20070419E,FA348,2
1,19920649J,FA106,12
1,20162684G,FA396,2
1,20050417G,FA383,7
1,20050417G,FA615,5
1,20060400J,FA293,2
1,20121473A,FA107,2
1,20110456C,FA392,2
1,19730822B,FA406,2
1,19961261F,FA109,2
1,19961261F,FA293,2
1,20100445I,FA346,2
1,20132233G,FA109,2
1,20151432A,FA105,2
1,20032220K,FA109,6
1,20101443J,FA109,2
1,20111387E,FA109,2
1,20091380K,FA591,2
1,20061381I,FA107,2
1,20061381I,FA121,2
1,20130091K,FA293,2
1,20112704D,FA106,2
1,19961393J,FA615,2
1,20110463J,FA121,2
1,20171498H,FA621,2
1,20140549J,FA106,2
1,20140549J,FA161,2
1,20130528J,FA107,2
1,20131101J,FA107,2
1,20160135F,FA381,2
1,20160135F,FA396,2
1,20160135F,FA613,2
1,20141176B,FA348,2
1,20140550H,FA161,2
1,20171199K,FA621,2
1,20171542G,FA621,2
1,20021357J,FA525,2
1,20170116D,FA612,2
1,20071393J,FA109,2
1,20071393J,FA293,2
1,20122215F,FA515,2
1,20090451A,FA294,2
1,19910704H,FA110,2
1,20152608F,FA103,2
1,20152608F,FA396,2
1,20121469D,FA107,2
1,20170572J,FA406,2
1,20151296K,FA271,2
1,20151296K,FA397,2
1,20110464F,FA104,2
1,20151468F,FA105,2
1,20091416E,FA294,2
1,20131525D,FA526,2
1,20080456K,FA161,2
1,20080456K,FA544,2
1,20170513C,FA441,2
1,19880627K,FA110,2
1,20120379A,FA525,2
1,20102587E,FA592,2
1,20090460K,FA398,2
1,20091390F,FA710,2
1,20130519K,FA294,2
1,20091410G,FA526,2
1,20134155C,FA161,2
1,19981362B,FA606,2
1,19940510G,FA514,2
1,19880599G,FA397,2
1,20121472E,FA107,2
1,19910034B,FA591,2
1,20121454G,FA107,2
1,20020417I,FA273,2
1,20142720H,FA106,2
1,20142720H,FA703,2
1,20031346K,FA731,2
1,20160486C,CF251,2
1,20160486C,CM211,2
1,20080298F,CM274,2
1,20150517C,CF221,2
1,20150517C,CM261,2
1,20142591C,CC212,2
1,20081365I,CH007,2
1,20152253C,CF221,2
1,20172759J,CF121,2
1,20172759J,CQ111,2
1,20171603F,CM131,2
1,20171603F,CM141,2
1,20171603F,CQ111,2
1,20171543C,CM131,2
1,20171543C,CM141,2
1,20160227H,CQ112,2
1,20144547A,CF221,2
1,20160771J,CQ111,2
1,20171614H,CF121,2
1,20171614H,CM131,2
1,20171614H,CM141,2
1,20150522G,CF221,2
1,20090312A,CM274,2
1,19971130A,CM262,7
1,20032152E,IF571,2
1,20121423D,CH061,2
1,20171551F,CC101,2
1,20142126I,CF451,2
1,20162743C,CC102,2
1,20171569B,CF121,2
1,20171569B,CM141,2
1,20171569B,CQ111,2
1,20101364B,CF382,3
1,20101364B,IF372,3
1,20160756K,CM211,2
1,20070026C,CF531,2
1,20070026C,CF561,2
1,20171561A,CF121,2
1,20172738B,CF121,2
1,20172738B,CM131,2
1,20172738B,CQ111,2
1,20132714E,CQ311,2
1,20132714E,CQ341,2
1,20120434B,CH061,2
1,20120434B,CM334,2
1,20082673I,CC541,2
1,20160271G,CF221,2
1,20120461J,CF302,2
1,20110335A,CC066,2
1,20142212B,CF221,2
1,20160745I,CM261,2
1,20130470A,CM142,2
1,20132608K,CC101,3
1,20132608K,CM142,2
1,20120454C,IF451,2
1,20141148I,CF371,2
1,20154087C,CF221,2
1,20031123A,CM361,2
1,19791452K,CC101,8
1,20162224F,CF221,2
1,20172740G,CM131,2
1,20172740G,CM141,2
1,20111334I,CH061,2
1,20021185D,CM313,2
1,20172723E,CM131,2
1,20142699I,CM214,2
1,20172230I,CM132,2
1,20171594G,CF121,2
1,20171594G,CM141,2
1,19972195J,CF582,2
1,20121346J,CQ232,2
1,20121346J,CQ362,2
1,20151380A,CF221,2
1,20094516K,CQ013,2
1,20094516K,CQ037,2
1,20030307A,CH061,2
1,20120485F,CQ341,2
1,20172747A,CF121,2
1,20172747A,CM131,2
1,20150451B,CM211,2
1,20161413J,CF121,2
1,20161413J,CQ111,2
1,19992147K,CC102,2
1,19992147K,CM254,2
1,20101205A,CC481,2
1,20150497B,CF221,2
1,20170333E,CC102,2
1,20141417J,CQ331,2
1,20162704H,CF121,2
1,20050242B,CF452,4
1,20102198I,CC212,2
1,20164119E,CF221,2
1,20122652G,CM313,2
1,19980293G,CF452,4
1,20160451E,CF221,2
1,20152225J,CF122,2
1,20152225J,CM261,2
1,20162243K,CC102,2
1,20070390G,CQ341,2
1,20152704E,CF221,2
1,20172761D,CM141,2
1,20114535E,CC541,2
1,20171613A,CQ111,2
1,20010332K,CQ332,2
1,20142704B,CC102,2
1,20161486G,CC101,2
1,20161486G,CM131,2
1,20147510A,IF482,2
1,20142708H,CC102,2
1,19784121B,CC101,2
1,20150259D,CC102,2
1,20111333B,CF401,2
1,20111333B,IF271,2
1,20171571G,CM141,2
1,20162195F,CF122,2
1,19900702B,CM577,2
1,20122688A,IF563,2
1,20172752E,CF121,2
1,20170631F,CF121,2
1,20170587G,CC101,2
1,20171608H,CF121,2
1,20132640A,CF581,2
1,20131475G,IF321,2
1,20131495H,CF581,2
1,20151480F,CC212,2
1,20171413B,CF121,2
1,20010208H,CF222,2
1,20142734I,CM254,2
1,20142709D,CM214,2
1,20152716C,CF222,2
1,20112161K,CF221,2
1,20142645F,CF222,2
1,20142645F,CM214,2
1,20131479B,CC201,2
1,20100411G,CF221,2
1,20100411G,CQ252,2
1,20150539G,CM211,2
1,20150539G,CQ251,2
1,20171616K,CQ111,2
1,20152720K,CF221,2
1,20161440G,CC102,2
1,20140382H,CM321,2
1,20140382H,CM361,2
1,20141475J,FI403,2
1,20164059B,FS145,2
1,20142735E,FS145,2
1,20150355C,AA231,2
1,20151467J,AA223,2
1,20151467J,AA232,2
1,20170533D,AA217,2
1,20170533D,AA222,2
1,20170533D,AA223,2
1,20170533D,AA226,2
1,19991348B,AA217,9
1,19991348B,EC115,2
1,19991348B,FI403,2
1,19991348B,SA323,2
1,20150408J,SA333,2
1,20152173J,HH221,2
1,20101238G,AA231,2
1,20101238G,FI403,2
1,20101238G,PI111,2
1,20127035F,MA143,2
1,20131406E,EC122,2
1,20131406E,HH223,2
1,20120019E,EP305,2
1,20162205A,AA231,2
1,20150196B,EP305,2
1,20131210C,SA332,2
1,20135505H,BO112,2
1,20132662E,FI403,2
1,20102125A,GA163,2
1,20160575F,AA212,2
1,20170044C,AA211,2
1,20074041G,SA515,2
1,20160514G,FI403,2
1,20041272J,EE344,2
1,20041272J,MA085,2
1,20101250G,AS141,2
1,20101250G,EP305,2
1,19961158K,SA115,12
1,20151383K,HH221,2
1,20151383K,SA332,2
1,20174134G,AA211,2
1,20174134G,AA212,2
1,20160727K,AA226,2
1,20161430A,AA224,2
1,20150359I,SA332,2
1,20154547D,AA231,2
1,20132061A,HH221,2
1,20122629E,XP100,1
1,20122629E,XP100,1
1,20130415K,AA232,2
1,20132688D,SA115,2
1,20172213G,BO112,2
1,20170632B,AA212,2
1,20160300G,AA233,2
1,20111279H,HH501,2
1,20111279H,MA143,2
1,20111279H,SP110,2
1,20123502I,SA216,2
1,20170464B,AA223,2
1,20160582B,AA224,2
1,20090370A,AHD93,2
1,20090370A,SA654,2
1,20090370A,SA746,2
1,20110262D,EC717,2
1,20142680F,AS121,2
1,20142680F,BO112,2
1,20150373A,AA231,2
1,20150373A,AA232,2
1,20150373A,AA234,2
1,20160222F,FS145,2
1,20142580A,AA233,2
1,20142580A,SA323,2
1,20100213K,XP100,1
1,20100213K,XP100,1
1,20152115J,FI403,2
1,20152115J,MA143,2
1,20167013C,FS145,2
1,20080078F,SA216,5
1,20121278D,MA143,2
1,20162256E,SA332,2
1,20152683H,AA226,2
1,20151203B,FS145,2
1,20151203B,HH221,2
1,20174145I,AA223,2
1,20152661D,FS145,2
1,20152661D,HH221,2
1,20170388D,AA223,2
1,20120251E,EE342,2
1,20120251E,SA216,2
1,20112175A,EC717,2
1,20140392C,AA233,2
1,20140392C,EC115,2
1,20174144B,AA223,2
1,20172229K,AA222,2
1,20110203H,SA216,2
1,20110203H,SA633,2
1,20160531I,AA231,2
1,20160752E,AA231,2
1,20150312B,SA413,2
1,20154166K,FS145,2
1,20150288D,AA217,2
1,20150288D,AA226,2
1,20172706C,AA214,2
1,20132555D,XA100,1
1,20132555D,XA100,1
1,20100104G,SA216,2
1,20161374D,DS111,2
1,20162620I,AA231,2
1,20162620I,AA234,2
1,20162202B,AA226,2
1,20172730A,AA214,2
1,19972213H,SA745,5
1,20102124E,SA132,2
1,20102124E,SA446,2
1,20142747C,FI403,2
1,20142747C,SA323,2
1,20120244I,SA324,2
1,20161379F,AA224,2
1,20161379F,AA227,2
1,20161379F,AA232,2
1,20173006E,AA212,2
1,20173006E,AA213,2
1,20173006E,AS101,2
1,20120350C,DS111,2
1,20120350C,HH221,2
1,20102673I,EP305,2
1,20102673I,SA332,2
1,20152216K,HH221,2
1,20152216K,SA332,2
1,20153503C,AA226,2
1,20021284B,EC311,3
1,20042163J,SA467,2
1,20042163J,SA923,2
1,20140487D,HH223,2
1,20140487D,SA333,2
1,20151297G,AA226,2
1,20151297G,AS141,2
1,20120248D,EC717,2
1,20120248D,SA216,2
1,20170604I,AA217,2
1,20140387J,EC717,2
1,20164150J,SA333,2
1,20110230E,XP100,1
1,20110230E,XP100,1
1,20132109D,AS152,2
1,20170551B,AA212,2
1,20170551B,AS121,2
1,20170551B,SA301,2
1,20101208K,EC717,2
1,20032199A,FI403,2
1,20032199A,HH221,2
1,20032199A,PI111,2
1,20161385F,AA231,2
1,20150531F,SA332,2
1,20142169J,FI403,2
1,20142169J,HH221,2
1,20162201F,FS145,2
1,20110280B,HH221,2
1,20061304D,SA445,2
1,20131199J,SA445,2
1,20101263A,AS101,2
1,20101263A,SA654,2
1,20132654B,SA216,2
1,20172183K,AA223,2
1,20140457H,AA232,2
1,20140457H,AA234,2
1,20140457H,BO112,2
1,20111171B,HH113,2
1,20111171B,HH224,2
1,20111171B,SA115,2
1,19870583K,MA143,2
1,20145529G,HH113,2
1,20121233K,AA232,2
1,20121233K,FI403,2
1,20070370F,SA216,2
1,20141271E,AA231,2
1,20141271E,AA234,2
1,20081272K,SA445,2
1,20144568I,FI403,2
1,20121281E,HH501,2
1,20131156I,CO821,2
1,20131156I,EC323,2
1,20092083J,EC211,2
1,20132014C,EC514,2
1,20160054F,CB213,2
1,20130092G,SA253,2
1,20132557G,EC323,2
1,19942235C,CB212,2
1,20163003C,TV113,2
1,20112031J,EC513,2
1,20090249H,EC211,2
1,20090249H,ES731,2
1,20151113C,GE001,2
1,20151113C,TV561,2
1,20130140A,CO923,2
1,20130140A,HH333,2
1,20131140E,HH224,2
1,20171152D,CB115,2
1,20170012D,EP111,2
1,20172040E,FI204,2
1,20040349I,EC521,2
1,19960390G,CB121,8
1,19960390G,ES531,2
1,20162037A,CB311,2
1,20162037A,TV113,2
1,20092086I,CO822,3
1,20162529A,FI204,2
1,20094140K,EC521,2
1,20094140K,HH113,2
1,20172515C,CB115,2
1,20144005D,CB412,2
1,20160130D,CB311,2
1,20070334J,CO922,2
1,20070334J,EC323,3
1,20070334J,ES831,2
1,20070334J,HH333,5
1,20070334J,SA253,3
1,20070334J,TV815,4
1,20160042H,CB212,2
1,20160042H,EP111,2
1,20160042H,FI204,2
1,20121116D,CB411,2
1,20141068E,GE001,2
1,20021037E,ES531,2
1,20050295I,CO822,2
1,20120081B,CB411,2
1,19942181K,CB115,2
1,19942181K,GE001,2
1,20122565G,TV113,2
1,20131151G,HH224,2
1,20131151G,TV114,2
1,20161025J,CB311,2
1,20161025J,EC111,2
1,20160159B,GE001,2
1,20080208G,MA611,3
1,20154112H,EC111,2
1,20132549D,HH223,2
1,19970037H,CO722,2
1,20160065H,CB213,2
1,20090144A,EC513,2
1,20161141J,EP111,2
1,20090132C,CB412,2
1,20090132C,EC612,2
1,20090132C,TV113,4
1,20150062F,CB211,2
1,20150062F,FI204,2
1,20131117C,EC114,2
1,20144078A,EC211,2
1,20144078A,EC513,2
1,20144078A,HH224,2
1,19954516B,EC521,2
1,19954516B,HH315,2
1,19992113I,SA253,7
1,19992113I,TV761,2
1,20162050H,EC114,2
1,20141124B,HH223,2
1,20140152B,HH224,2
1,20112522C,ES832,2
1,20110074C,ES831,2
1,20110074C,SA253,2
1,20110074C,TV761,2
1,20072516H,HH413,2
1,20152026G,CB213,2
1,20110184C,CO925,2
1,20141005C,EC513,2
1,20141005C,ES731,2
1,20142205F,CB213,2
1,20142205F,GE001,2
1,20142205F,HH223,2
1,20110083B,CB115,2
1,20110083B,CB212,2
1,20152076D,EC211,2
1,20100205H,EC211,2
1,19950376A,CB411,2
1,19950376A,MA195,9
1,20052539B,EC935,2
1,20142029C,GE831,2
1,20152505B,CB412,2
1,20042122A,HH223,8
1,20042122A,TV513,2
1,20131040K,CO622,2
1,20131040K,GE001,2
1,20131040K,MA195,2
1,20170149J,EP111,2
1,20120152G,EC513,2
1,20060291F,EC515,2
1,20151072E,EP111,2
1,20160043D,TV113,2
1,20130175J,TV114,2
1,20031268J,ES731,2
1,20112055F,HH113,2
1,20160088H,CB412,2
1,20145511K,HH113,2
1,20145511K,TV661,2
1,20150092B,EC111,2
1,20111067K,SA253,2
1,20152528B,GE001,2
1,20021147E,SA253,2
1,20121013K,CB412,3
1,19780200E,ES831,2
1,20160017C,TV113,2
1,19940368F,CO722,2
1,20120091H,CO920,2
1,20120091H,CO927,2
1,20120091H,EC323,2
1,20120091H,SA253,2
1,20120091H,TV661,3
1,19961186D,HH224,12
1,20130046E,CO822,2
1,20112058E,EC211,2
1,20112058E,ES731,2
1,20112058E,SA253,2
1,20134031B,HH224,2
1,20090286K,EC935,2
1,20120120H,CO721,2
1,20140130I,EC211,2
1,20140130I,TV114,2
1,20111044K,SA253,2
1,19941144D,EC111,2
1,20130130F,CO622,2
1,20090322G,HH224,2
1,20102527B,CO823,2
1,20102527B,CO921,2
1,20162501J,CB212,2
1,20162501J,FI204,2
1,20052130G,CO925,2
1,20122060B,CB411,2
1,20122060B,EC114,2
1,20122060B,EC511,2
1,20151049C,EC114,2
1,20131107H,ES731,2
1,20170158I,CB212,2
1,20170158I,EP111,2
1,20165517D,CB121,2
1,20092540A,EC513,2
1,20092540A,ES531,2
1,20153003K,CB411,2
1,20153003K,CB412,2
1,20153003K,GE001,2
1,20141129D,TV761,2
1,20141114G,ES531,2
1,20131102F,CB121,2
1,20110126C,TV114,2
1,20151105K,CB411,2
1,20151105K,CB412,2
1,20161069G,CB211,2
1,20161069G,CB212,2
1,20161069G,FI204,2
1,20130110E,SA253,2
1,20131103B,HH224,2
1,20132012K,ES731,2
1,20074061H,CO921,2
1,20074061H,GE831,7
1,20074061H,HH413,2
1,20074061H,SA253,2
1,20060077D,HH333,2
1,20162032J,TV114,2
1,20122512K,ES731,2
1,20012650J,ES531,2
1,20114514H,CB412,2
1,20114514H,CO421,2
1,20114514H,TV113,2
1,20122064H,CB412,2
1,20102078C,CO922,2
1,20102078C,GE831,2
1,20145520J,HH485,2
1,20131091D,HH223,2
1,20142548K,GE001,2
1,20141010G,ES731,2
1,20141010G,HH224,2
1,20061272E,EC211,2
1,20061272E,ES731,2
1,20061272E,HH224,2
1,19890554F,EC211,3
1,19890554F,ES731,2
1,20170173H,CB211,2
1,20170173H,CB212,2
1,20170173H,FI204,2
1,20132510K,CB412,2
1,20132510K,EC612,2
1,20132510K,TV113,2
1,20174034B,FI204,2
1,19932514G,HH413,4
1,20151108J,GE001,2
1,20110054B,EC321,2
1,20110137E,HH433,2
1,20110137E,SA253,2
1,20140067E,CB412,2
1,20111045G,CO823,2
1,20111045G,EC211,2
1,20151135G,GE001,2
1,20162595D,FI204,2
1,20150121B,CB311,2
1,20140135K,CO822,2
1,20140135K,GE831,2
1,20140135K,HH113,2
1,20082103H,CO621,3
1,20082103H,CO822,2
1,20082103H,EC613,4
1,20082103H,HH224,6
1,20082103H,HH611,3
1,19981213G,HH113,8
1,20160063E,CB213,2
1,20150136J,CB412,2
1,19980389D,ES831,2
1,19982571D,EC513,6
1,19982571D,ES531,2
1,20161047C,FI204,2
1,20132060E,ES831,2
1,20110042D,CO822,2
1,20142543I,CO622,2
1,20142543I,GE001,2
1,20100101H,ES531,2
1,20100101H,MA195,2
1,20151021A,FI204,2
1,20131157E,CO821,2
1,20131157E,CO822,2
1,20160035A,CB412,2
1,20082568K,SA253,2
1,20162039D,CB412,2
1,19992132C,CB412,2
1,20120086D,EC323,2
1,20120086D,HH425,2
1,20162575C,FI204,2
1,20162575C,TV113,2
1,20101161D,SA253,2
1,20140111D,TV661,2
1,20171123D,CB115,2
1,20162588H,TV113,2
1,20002132F,CB412,2
1,20152526J,GE001,2
1,20111196E,EC211,2
1,20170094K,CB121,2
1,20170168D,CB109,2
1,19992154G,EC114,2
1,19992154G,EC513,2
1,20170141I,CB211,2
1,20170141I,FI204,2
1,20141152F,CB213,2
1,20060239D,SA253,2
1,20110138A,CB412,2
1,20110138A,CO822,2
1,20090318J,HH113,2
1,20164154E,CB311,2
1,20164154E,EC111,2
1,20164154E,GE001,2
1,20170023F,FI204,2
1,20127010C,HH113,2
1,20171040A,CB114,2
1,20122017J,CB411,2
1,20110060B,ES831,2
1,20110060B,ES934,2
1,20131051B,CO823,2
1,20060373B,EC935,2
1,20000202G,EC521,4
1,20140085C,CB211,2
1,20121083I,TV661,2
1,20162510I,EP111,2
1,20081285E,HH113,2
1,20122045C,GE831,2
1,20030349F,EC513,3
1,19980422A,HH113,2
1,20072539H,HH113,2
1,20072539H,TV513,2
1,20071187K,EC211,2
1,20071187K,ES731,2
1,20071187K,SA253,2
1,20141090K,TV113,2
1,20175026C,CB101,2
1,20175026C,EC111,2
1,20175026C,EC611,2
1,20140019K,HH113,2
1,20130064C,ES731,2
1,20110131G,ES831,2
1,20140079C,HH224,2
1,20142055D,EC211,2
1,20142055D,EC513,2
1,20174023K,GE001,2
1,20060088F,CO823,2
1,20060088F,EC211,5
1,20060088F,ES731,2
1,20060088F,HH333,2
1,20165524K,CB411,2
1,20165524K,TV114,2
1,20122027E,HH333,2
1,20071138J,EC521,2
1,20171433C,FI203,2
1,20171433C,MA113,2
1,20171433C,MA114,2
1,20132104B,EE610,2
1,20111022G,EE515,2
1,20141189G,MA185,2
1,20144501A,EE635,2
1,20144501A,MA185,2
1,20172212K,CB411,2
1,20131206F,EE341,2
1,20131206F,MA185,2
1,20171280B,CB411,2
1,20160254E,EE341,2
1,20131138K,EC119,2
1,20171451A,CB411,2
1,20172155G,CB411,2
1,20120370D,EE112,2
1,20120370D,MA185,2
1,20152515H,EE341,2
1,20160343H,FI204,2
1,20161254I,MA133,2
1,20171335A,CB411,2
1,20154574A,FI403,2
1,20170253A,MA123,2
1,20161265K,MA123,2
1,19730012K,EE225,4
1,20172584E,FI203,2
1,20172584E,MA113,2
1,20140473C,EC119,2
1,20140473C,EE112,2
1,20172685F,CB411,2
1,20172685F,FI203,2
1,20144027H,EE635,2
1,20141330A,EE411,2
1,20160647G,EE341,2
1,20171223I,FI203,2
1,20171075J,CB411,2
1,20171274B,FI203,2
1,20171274B,MA113,2
1,20140325D,MA185,2
1,20150277B,FI204,2
1,20174119H,FI203,2
1,20132210G,EE635,2
1,20162740D,MA133,2
1,20162740D,MA195,2
1,20042571K,EE211,2
1,20042571K,EE353,2
1,20042571K,EE610,2
1,20175501C,QU111,2
1,20162753I,MA195,2
1,20140285B,EE635,2
1,20145503H,EE225,2
1,20170297I,CB411,2
1,20131216A,EE210,2
1,20131339F,EE112,2
1,20171454K,CB411,2
1,20154534J,MA143,2
1,20162046K,FI904,2
1,20141001H,FI463,2
1,20141001H,MA185,2
1,20171202A,FI203,2
1,20171202A,MA114,2
1,20171327I,CB411,2
1,20171327I,FI203,2
1,20080390J,EE211,2
1,20152688J,EE341,2
1,20171384B,FI203,2
1,20114508H,EE111,2
1,20114508H,MA195,2
1,20141026K,EE111,2
1,20151226B,MA185,2
1,20171476D,FI203,2
1,20140467C,FI403,2
1,20140467C,MA713,2
1,20140365F,EE635,2
1,20124043H,EE210,2
1,20152041F,EE112,2
1,20171346C,CB411,2
1,20171346C,FI203,2
1,20172661J,CB411,2
1,20172661J,FI203,2
1,20172661J,MA113,2
1,20172064A,MA123,2
1,20152087F,MA133,2
1,20152193K,EE341,2
1,20171393A,CB411,2
1,20171483K,FI203,2
1,20171483K,MA113,2
1,20171246I,CB411,2
1,20171340E,FI203,2
1,20171340E,MA113,2
1,20164527F,MA133,2
1,20162199A,AHD65,2
1,20120040D,IT145,2
1,20120040D,IT524,2
1,20041016C,EE521,2
1,20041016C,EE615,2
1,20041016C,EE635,2
1,20171325F,CB411,2
1,20171325F,MA113,2
1,20171325F,MA114,2
1,20160436F,MA611,2
1,20160436F,MA713,2
1,20162181E,EE341,2
1,20152662K,EE112,2
1,20150412G,EE341,2
1,20150412G,FI904,2
1,20100126K,IT145,2
1,20164157D,FI403,2
1,20140319D,EE411,2
1,20140505B,FI403,2
1,20160208C,FI463,2
1,20160208C,MA143,2
1,20160208C,MA195,2
1,20151194C,EE635,2
1,20142681B,CB411,2
1,20142681B,FI204,2
1,20142681B,MA123,2
1,20142625E,EE341,2
1,20130286F,EE211,2
1,20142696J,EE111,2
1,20142696J,MA195,2
1,20150268C,FI204,2
1,20161214G,CB411,2
1,20161214G,FI204,2
1,20161214G,MA123,2
1,20121237F,MA195,2
1,20171198D,CB411,2
1,20171198D,FI203,2
1,20171198D,MA113,2
1,20171198D,MA114,2
1,20150157G,EE635,2
1,20150195F,EE341,2
1,20150195F,MA185,2
1,20101026J,EE610,2
1,20121312H,IP101,2
1,20124087E,IT255,2
1,20132602B,EE635,2
1,20131057K,EE112,2
1,20142052E,EE635,2
1,20171423H,CB411,2
1,20171423H,FI203,2
1,20160426K,MA611,2
1,20120270J,EE112,2
1,20152690D,MA133,2
1,20172652K,FI203,2
1,20172652K,MA113,2
1,20172652K,MA114,2
1,20141404E,EE341,2
1,20141404E,MA185,2
1,20171412F,CB411,2
1,20162646H,CB412,2
1,20162646H,MA133,2
1,20171220J,CB411,2
1,20150046K,EE111,2
1,20130193H,EE210,2
1,20171289J,CB411,2
1,20152201C,MA195,2
1,20152201C,MA611,2
1,20171299E,FI203,2
1,20171299E,MA113,2
1,20171299E,MA114,2
1,20140256B,MA185,2
1,20121159E,EE635,2
1,20132707I,EE521,2
1,20160375G,MA133,2
1,20160375G,MA195,2
1,20160375G,MA611,2
1,20172703D,CB411,2
1,20160315D,FI403,2
1,20101032J,EE421,2
1,20101032J,MA185,2
1,20101032J,MA195,2
1,20141079G,EE635,2
1,20141079G,MA185,2
1,20171446H,MA113,2
1,20170338G,MA114,2
1,20140340C,FI904,2
1,20140340C,MA713,2
1,20161473B,MA123,2
1,20162014A,FI403,2
1,20162014A,MA713,2
1,20161165F,MA133,2
1,20122508C,EC119,3
1,20172682G,FI203,2
1,20160193F,EC119,2
1,20160193F,MA713,2
1,20141401F,MA143,2
1,20172690J,CB411,2
1,20172690J,MA113,2
1,20160226A,FI403,2
1,20160226A,MA133,2
1,20160226A,MA713,2
1,20171478G,CB411,2
1,20141184E,EE111,2
1,20141184E,EE341,2
1,20141184E,FI904,2
1,20141183I,EE635,2
1,20162178D,EE341,2
1,20091041A,EE545,2
1,20161292H,FI204,2
1,20161292H,MA123,2
1,20151390G,MA133,2
1,20161011I,FI403,2
1,20161011I,MA133,2
1,19971094E,EE411,8
1,19971094E,HH221,8
1,20150082G,EE610,2
1,20095501G,EE635,4
1,20171375C,CB411,2
1,20170337K,MA123,2
1,20130346I,EE111,2
1,20060163H,EM111,2
1,20060163H,HH221,2
1,20130339B,EE364,2
1,20070216G,EE411,2
1,20070182E,EM221,2
1,20121225H,EE610,2
1,19984519J,EE210,8
1,19984519J,EE421,8
1,20160415I,EP111,2
1,20160415I,MA123,2
1,20162656C,MA123,2
1,20171415E,CB411,2
1,20121209B,MA195,2
1,20172107B,EP111,2
1,20172107B,MA123,2
1,20091178G,EE441,2
1,20171424D,EP399,2
1,20171424D,FI203,2
1,20160631C,EC119,2
1,20160631C,EE340,2
1,20160631C,MA611,2
1,20120357H,EE411,2
1,20120357H,MA185,2
1,20132566F,EE523,2
1,20120302I,MA611,2
1,20120302I,MA713,2
1,20061118F,IP101,2
1,20061118F,IT524,2
1,20171248A,CB411,2
1,20161178K,FI204,2
1,20161178K,MA123,2
1,20162168I,EC119,2
1,20120390E,IT433,2
1,20171468A,CB411,2
1,20171468A,MA113,2
1,20150371I,EE635,2
1,20160502I,FI403,2
1,20154072F,MA611,2
1,20160247I,EE341,2
1,20160247I,MA713,2
1,20140162H,EE635,2
1,20151343I,MA195,2
1,20171380G,CB411,2
1,20171380G,FI203,2
1,20171380G,MA113,2
1,20152675E,MA195,2
1,20171354F,CB411,2
1,20171354F,FI203,2
1,20171354F,MA113,2
1,20122503A,CI106,2
1,20122090I,EE341,2
1,20161269F,FI403,2
1,20172600K,CB411,2
1,20121227K,EE211,2
1,20131172D,CB411,2
1,20121176G,EE210,2
1,20121176G,EE637,2
1,20172698K,CB411,2
1,20140445J,FI904,2
1,20120315C,EE354,2
1,20075506C,CB412,2
1,20075506C,FI904,2
1,20075506C,MA195,5
1,20130254G,EE363,2
1,20171440J,CB411,2
1,20171440J,FI203,2
1,20171365H,FI203,2
1,20171365H,MA114,2
1,20150308E,EE341,2
1,20170376F,EP399,2
1,20170376F,MA123,2
1,20160391B,EC119,2
1,20160391B,MA611,2
1,20144566F,MA611,2
1,20172654C,FI203,2
1,20172654C,MA113,2
1,20142120K,CB412,2
1,20142120K,MA195,2
1,20142120K,MA611,2
1,20004037K,MA133,4
1,20154043F,MA185,2
1,20124069G,EE364,2
1,20144537F,EE635,2
1,20174048C,CB411,2
1,20162193C,MA611,2
1,20160184G,MA133,2
1,20170239I,MA124,2
1,20160121E,CB411,2
1,20160121E,FI204,2
1,20162169E,EC119,2
1,20162169E,MA123,2
1,19987003D,CI106,2
1,19987003D,EE610,10
1,19987003D,EE637,2
1,20150285E,MA133,2
1,20150285E,MA195,2
1,20150285E,MA611,2
1,20110296F,EE111,2
1,20110296F,EE341,2
1,20110296F,MA143,2
1,20110296F,MA195,2
1,20171079E,CB411,2
1,20167512J,MA133,2
1,20122592D,EE421,2
1,20122592D,MA195,2
1,20112556E,CB525,2
1,20112556E,IT215,2
1,20171461G,QU111,2
1,20101171J,EM111,2
1,20151256I,EE635,2
1,20092618K,EE363,2
1,20092618K,MA185,2
1,20160138E,FI403,2
1,20121202H,FI904,2
1,20171473E,CB411,2
1,20171128F,CB411,2
1,20111229K,EE112,4
1,20111229K,FI463,4
1,20150225B,EC119,2
1,20110013D,EE111,2
1,20110013D,MA143,2
1,20110013D,MA195,2
1,20171145H,CB411,2
1,20062586C,EE315,2
1,20062586C,EE375,2
1,20132651C,EE524,2
1,20162164C,CB411,2
1,20141093J,EE341,2
1,20141093J,FI904,2
1,20151251G,FI403,2
1,20151251G,MA133,2
1,20151251G,MA611,2
1,20150390C,FI403,2
1,20150390C,MA124,2
1,20150390C,MA133,2
1,20150416B,AHD65,2
1,20150416B,EP111,2
1,20150416B,FI204,2
1,20150416B,MA123,2
1,20150306B,CB411,2
1,20150306B,EP111,2
1,20150306B,FI204,2
1,20150306B,MA124,2
1,20162134G,FI403,2
1,20152097A,FI904,2
1,20160354J,MA133,2
1,20160354J,MA713,2
1,20172662F,FI203,2
1,20172662F,MA113,2
1,20152206E,EE111,2
1,20152206E,FI904,2
1,20121264C,EE524,2
1,20171367K,FI203,2
1,20171367K,MA113,2
1,20084107K,EE111,2
1,20084107K,EM111,2
1,20084107K,MA143,2
1,20130042J,EE610,2
1,20100350H,MA185,2
1,20151218J,CB411,2
1,20151218J,MA123,2
1,20121196H,EE210,2
1,19790199J,CB525,2
1,19790199J,EE637,2
1,20141173C,EE635,2
1,20095511B,IT524,2
1,20104078K,EE214,2
1,20104078K,EE615,2
1,20124013A,EE610,2
1,20122530I,EE636,2
1,20170252E,FI204,2
1,20111214C,MA713,3
1,20041109A,EM111,2
1,20021139B,EM111,2
1,20162626G,MA123,2
1,20140444C,IT213,2
1,20142629K,EC119,2
1,20142629K,EE635,2
1,20160192J,MA143,2
1,20160192J,MA713,2
1,20160636E,MA123,2
1,20142023E,EE112,2
1,20014010H,EE610,10
1,20140504F,EE112,2
1,20130050B,EE341,2
1,20142183B,EC119,2
1,20162747I,FI204,2
1,20170421A,MA123,2
1,20170421A,MA124,2
1,20171351G,MA113,2
1,20131442A,EE610,2
1,20171452H,MA113,2
1,20162096H,MA133,2
1,20171463J,CB411,2
1,20120405B,FI904,2
1,20120210G,EE616,2
1,20152200G,MA143,2
1,20131209E,MA133,2
1,20131209E,MA611,2
1,20131209E,MA713,2
1,20131418C,EC119,2
1,20131418C,MA195,2
1,20140197F,EC119,2
1,20162600H,FI204,2
1,20162600H,MA123,2
1,20142676I,EE131,2
1,20162616A,MA133,2
1,19961180F,EE521,2
1,20152198B,MA133,2
1,20152198B,MA195,2
1,20062028K,EE112,2
1,20062028K,EE523,2
1,20171277A,CB411,2
1,20131311D,EC119,2
1,20172619C,CB411,2
1,20172619C,FI203,2
1,20141368I,MA185,2
1,20172579A,FI203,2
1,20172579A,MA114,2
1,20160341E,MA195,2
1,20131078H,CB411,2
1,20131078H,MA123,2
1,20131078H,MA124,2
1,20170491J,FI204,2
1,20142012C,HH221,2
1,20171224E,CB411,2
1,20041011A,EC119,6
1,19981117H,EE341,2
1,19981117H,HH221,2
1,20170435B,MA123,2
1,20161316D,MA611,2
1,20112551C,EE423,2
1,20112551C,EE514,2
1,20112551C,EE635,2
1,20112124H,IT524,2
1,20171258G,FI203,2
1,20171258G,MA113,2
1,20082070B,IT514,2
1,20100230B,EE214,2
1,20100230B,EE441,2
1,20100230B,EE521,2
1,20072170D,EC312,2
1,20142730C,EC312,2
1,20101357F,ES811,2
1,20101357F,ES914,2
1,20140448I,EF512,2
1,20112624K,EC711,2
1,20040332I,EA911,11
1,20040332I,ES911,10
1,20040332I,ES912,10
1,20062629D,EF811,2
1,20091346G,EC711,2
1,20132214B,EA513,2
1,20132214B,EC421,2
1,20132214B,EC511,2
1,20161483H,EC113,2
1,20090366D,EA812,2
1,20151426A,EA352,2
1,20130498C,EA113,2
1,20130498C,EC514,2
1,20130498C,ES613,2
1,20120420A,ES722,2
1,20162725E,EA352,2
1,20070364F,ED011,3
1,20107043C,EC421,2
1,20132228C,ES721,2
1,20132228C,ES722,2
1,20124125D,EC613,2
1,20124125D,ES612,2
1,20152153I,EC113,2
1,20040274I,EA613,4
1,20040274I,EC511,7
1,20040274I,EF611,2
1,19991163B,EC118,19
1,19991163B,EC711,17
1,20084553K,EA025,2
1,20084553K,ES722,2
1,20071324H,EA822,2
1,20071324H,EA921,2
1,20101368H,ES722,2
1,20161302C,EC118,2
1,20150489J,EF512,2
1,20160236G,EC419,2
1,19790701G,EA411,10
1,19790701G,EA614,10
1,19790701G,EC312,19
1,20151423B,ED111,2
1,20121392A,EA513,2
1,20111311I,EC421,2
1,20111311I,EC511,2
1,20114139B,EA713,2
1,20114139B,EC615,2
1,20131362H,ES311,2
1,20090414I,ES722,2
1,20080161K,ES412,2
1,20170423D,EC118,2
1,20132615G,EC514,2
1,20132615G,EC613,2
1,20142731J,EC512,2
1,20120339J,EC421,2
1,20120339J,ED351,2
1,20131344J,EC613,2
1,20140291B,EC419,2
1,20151276J,EC420,2
1,20120025E,EA612,2
1,20011277C,ES411,12
1,20161136F,EC118,2
1,20020279E,EA021,2
1,20144091H,EA351,2
1,20122178C,EA551,2
1,20121273B,EA812,2
1,20121273B,EC723,2
1,20162653D,EA352,2
1,20160706C,EC420,2
1,20042117H,EB513,11
1,20160394A,EC118,2
1,20142656H,EC512,2
1,20110360F,EB411,2
1,20121442I,ES722,2
1,20161457G,EC113,2
1,20170004A,EC118,2
1,20124544G,EC615,2
1,20162218F,EC312,2
1,20132122K,EC419,2
1,20160728G,EA313,2
1,20160728G,EB512,2
1,20151373E,EC419,2
1,20162221G,EC113,2
1,20162221G,EC118,2
1,20162221G,EC312,2
1,20160511H,EA113,2
1,20160511H,EC215,2
1,20160511H,ED111,2
1,20160511H,ED114,2
1,0,ED132,2
1,20072670G,EA612,2
1,20172253I,EB112,2
1,20111294G,EC711,2
1,20151249B,EA411,2
1,20101383G,ES913,3
1,20141514E,EA351,2
1,20161402H,ED351,2
1,20121382F,ES722,2
1,20041271C,EC118,2
1,20161435C,ED351,2
1,20112662J,EA822,2
1,20112662J,EA913,2
1,20112662J,EA914,2
1,20112662J,EF011,2
1,20102190H,ES613,2
1,19930244B,EB112,2
1,20160536K,ED114,2
1,20144124C,EC512,2
1,20080350H,EC419,2
1,20071328C,EA713,2
1,20071328C,ED011,2
1,20112653K,EA011,2
1,20160732D,EC113,2
1,20160732D,EC118,2
1,20160732D,EC312,2
1,20042633F,ES815,2
1,20151366I,EA352,2
1,20152753F,ES411,2
1,20162724I,EC118,2
1,20072203J,EA021,3
1,20120343G,EA551,2
1,20120343G,EB512,2
1,20120343G,EB513,2
1,20120343G,EC419,2
1,20131237I,EA612,2
1,20131237I,EA614,2
1,20131237I,EC616,2
1,20112529H,EA812,2
1,20022616I,ED132,2
1,20121450A,EC615,2
1,20121450A,EC616,2
1,20121450A,EF511,2
1,20121336D,EA812,2
1,20150398D,EA513,2
1,20150398D,EC512,2
1,20152707D,EA411,2
1,20160729C,EB112,2
1,20160729C,EC118,2
1,20160729C,ED110,2
1,20160729C,ED114,2
1,20150515K,EA452,2
1,20162727H,ED132,2
1,20162727H,ED351,2
1,20097015B,EA813,2
1,20072199B,EA513,5
1,20072199B,ED111,11
1,20151286E,GE001,2
1,20172620A,BMA02,2
1,20120211C,GE153,2
1,20120211C,GE201,2
1,20120211C,GE520,2
1,20171290H,BMA02,2
1,20161297J,GE001,2
1,20110320D,GE821,2
1,20110320D,GE901,2
1,20110320D,GE920,2
1,20154081E,GE413,2
1,20154081E,ME212,2
1,20081215G,GE114,2
1,20040303I,ME523,2
1,20142660E,ME311,2
1,20141206I,GE312,2
1,20162103D,GE413,2
1,20134067G,GE265,2
1,20134067G,GE732,2
1,20134067G,GE915,2
1,20134067G,HH115,2
1,20170347F,BFI01,2
1,20170347F,BRC01,2
1,20160235K,GE001,2
1,20160464J,GE001,2
1,20140376H,ME315,2
1,20150063B,ME212,2
1,20164169B,GE413,2
1,20141160I,ME315,2
1,20010337B,GE120,2
1,20052620D,GE265,2
1,20171457J,BMA01,2
1,20130240F,GE643,2
1,20130240F,GE733,2
1,20134147K,ME524,2
1,20142200D,GE001,2
1,20134097C,GE265,2
1,20134097C,GE643,2
1,19930362E,ME524,2
1,19930362E,ME525,2
1,20162619K,GE001,2
1,20130291J,ME525,2
1,20160617K,GE413,2
1,20020373A,ME420,2
1,20134029H,GE001,2
1,20134029H,ME211,2
1,20141276G,ME315,2
1,20177511F,BRC01,2
1,20164073E,GE413,2
1,20114178H,ME525,2
1,20065504H,GE283,2
1,20171296F,BMA02,2
1,20172688E,BMA01,2
1,20172626J,BMA01,2
1,20171314D,BMA02,2
1,20121357A,ME424,2
1,20151291I,GE001,2
1,20160626J,GE413,2
1,20172681K,BMA02,2
1,20041280B,GE323,4
1,20041280B,ME429,2
1,19844074E,MI125,2
1,20171436B,BMA01,2
1,20172227H,BRC01,2
1,20102637B,GE801,2
1,20102637B,GE901,2
1,20112089H,MA731,2
1,20171528D,BMA01,2
1,20170535G,BRC01,2
1,20060121C,GE413,2
1,20131028K,GE153,2
1,20121279K,MI102,2
1,20154543I,ME212,2
1,20120306D,GE163,2
1,20171097C,BMA02,2
1,20171208J,BMA02,2
1,20091227H,GE915,2
1,20120113A,GE643,2
1,20171477K,BFI01,2
1,20171477K,BMA01,2
1,20171477K,BQU01,2
1,20171530I,BMA01,2
1,20140187K,GE001,2
1,20162567K,CB131,2
1,20132059G,ST123,2
1,20141034C,ST113,2
1,20141034C,TP213,2
1,20132067J,GP515,2
1,20112054J,ST214,2
1,20120168K,CB132,2
1,20110006H,ST205,2
1,20110006H,ST236,2
1,20110006H,ST285,2
1,20140006F,ST214,2
1,20164068A,ST113,2
1,20162166F,ST221,2
1,20124058E,ST295,2
1,20124058E,ST344,2
1,20132084A,GP555,2
1,20162074D,CB132,2
1,20102178H,ST205,2
1,20071034J,CB313,2
1,20021105K,TP224,12
1,20170130G,CB111,2
1,20131212F,TP203,2
1,20110076F,ST214,2
1,20151040F,CB112,2
1,20151040F,HS131,2
1,20141180J,CB312,2
1,20142078D,ST203,2
1,20111091I,ST124,2
1,20111091I,ST231,2
1,20111091I,ST235,2
1,20162122I,CB312,2
1,20162122I,ST113,2
1,20102004J,TP203,2
1,20102004J,TP302,2
1,20124007A,ST264,2
1,20011281K,GP122,2
1,20161251J,CB402,2
1,20152171G,ST113,2
1,20101214K,ST235,2
1,20100242K,ST214,2
1,20020050H,ST123,2
1,20140305C,CB111,2
1,20140305C,CB302,2
1,20160048F,GP202,2
1,20152619H,GP203,2
1,20137506A,CB312,2
1,20072533J,GP515,2
1,20072533J,GP525,2
1,20072533J,ST205,2
1,20072533J,ST231,3
1,20072533J,ST334,2
1,20164121J,CB132,2
1,20164121J,CB402,2
1,20140064F,GP223,2
1,20151242H,ST113,2
1,19800293C,CB402,6
1,20162563E,CB302,2
1,20060109C,ST285,2
1,20174131H,HS101,2
1,20131317B,CB302,2
1,20080086I,CB112,2
1,20110208J,ST123,2
1,20160294G,CB222,2
1,20111242G,ST114,2
1,19992506K,ST114,2
1,19992506K,ST334,2
1,20160178G,CB122,2
1,20090194I,ST275,2
1,20092078F,ST113,2
1,20140116F,CB312,2
1,20160036H,GP202,2
1,20160036H,TP302,2
1,20141112D,GP203,2
1,20120108H,CB142,2
1,20120108H,GP202,2
1,20120108H,ST111,2
1,20120108H,TP302,2
1,20100266G,ST295,2
1,20114077G,TP224,2
1,20160291H,CB132,2
1,20160291H,CB312,2
1,20151016H,ST113,2
1,20122071D,GP314,2
1,20162610C,CB111,2
1,20110212G,ST214,2
1,20110212G,ST334,2
1,20150241H,CB412,2
1,20150241H,ST113,2
1,20094508H,ST295,2
1,20131037J,GP114,2
1,20130232C,ST235,2
1,20171112B,HS111,2
1,20171112B,TP301,2
1,20072512B,CB143,2
1,20171240K,HS101,2
1,20140120C,GP223,2
1,20101102H,TP123,2
1,20142540J,CB132,2
1,20142540J,HS121,2
1,20161091B,CB111,2
1,20161091B,CB131,2
1,20161091B,ST221,2
1,20050022B,GP205,2
1,20050022B,GP244,3
1,20050022B,ST264,2
1,20122524I,GP545,2
1,20132563G,GP154,2
1,20130168C,GP235,2
1,20147502I,GP203,2
1,20142093C,CB402,2
1,20142093C,TP302,2
1,20080087E,ST214,2
1,20167511C,CB112,2
1,20167511C,CB313,2
1,20167511C,ST203,2
1,20130152J,GP202,2
1,20140252G,ST124,2
1,20131083A,GP113,2
1,20121213J,GP203,2
1,20152075H,HS141,2
1,20114001K,GP203,2
1,20114001K,TP503,2
1,20101068D,TP414,2
1,20110118K,ST285,2
1,20161181A,CB402,2
1,20131328D,ST214,2
1,20121086H,GP555,2
1,20072538A,HS102,2
1,20072538A,ST334,2
1,20142159D,ST334,2
1,20167516E,CB112,2
1,20167516E,CB302,2
1,20167516E,HS131,2
1,20152628G,CB302,2
1,20152628G,HS131,2
1,20152628G,ST202,2
1,20170296B,ST103,2
1,20122079E,ST124,2
1,20090264G,TP123,2
1,20120206J,CB312,2
1,20120206J,GP202,2
1,20111072D,GP235,2
1,20102599C,GP525,2
1,20171013D,HS101,2
1,20070179D,ST124,2
1,20151042I,ST113,2
1,20032559H,GP235,2
1,20041122H,GP555,5
1,20041122H,TP254,2
1,20154093C,CB312,2
1,20154093C,ST113,2
1,20110020K,ST235,2
1,20110020K,ST414,2
1,20151195J,CB302,2
1,20142582D,TP224,2
1,20161040I,CB402,2
1,20141102I,ST222,2
1,20141102I,TP103,2
1,20152069H,ST203,2
1,20151217C,ST113,2
1,20162590B,HS121,2
1,20162590B,ST103,2
1,20151060G,ST203,2
1,20107019E,ST123,2
1,20141092C,HS131,2
1,20141092C,TP302,2
1,20120188A,CB142,2
1,20120188A,CB412,2
1,20062043J,ST255,2
1,20062043J,ST295,2
1,20172558D,HS101,2
1,20162537D,CB222,2
1,20162537D,CB402,2
1,20162537D,HS121,2
1,20142539A,TP302,2
1,20171292K,HS101,2
1,20092035E,CB222,11
1,20092035E,HS131,7
1,20072531G,ST415,2
1,20080102D,GP234,2
1,20171113I,TP301,2
1,20131224D,GP314,2
1,20092525B,ST205,2
1,20077510H,ST124,2
1,20140153I,GP203,2
1,20091256H,TP505,2
1,20130242I,GP203,2
1,20130242I,ST123,2
1,20092577B,ST114,2
1,20091157J,ST205,2
1,20072045E,ST255,2
1,20072045E,ST285,2
1,20160614A,CB312,2
1,20160245F,ST202,2
1,20151223C,ST222,2
1,20151223C,TP302,2
1,20160244J,HS131,2
1,20132571J,ST113,2
1,20031179G,GP235,2
1,20010076D,HS404,11
1,20010076D,ST275,2
1,20160023C,CB312,2
1,20161080K,CB402,2
1,20160268F,CB221,2
1,20160268F,CB402,2
1,20092075G,CB132,7
1,20092075G,CB402,9
1,20101147A,GP244,2
1,20150125H,CB132,2
1,20150125H,CB402,2
1,20082588A,TP213,2
1,20091194B,GP525,2
1,20140018D,TP224,2
1,20152574D,TP213,2
1,20092616H,ST205,2
1,20162579I,CB132,2
1,20162579I,CB402,2
1,20154010K,GP234,2
1,20170188E,HS101,2
1,20170188E,TP301,2
1,20110107I,ST214,2
1,20081168I,GP154,2
1,20081168I,GP245,2
1,20081168I,GP545,2
1,20081168I,TP314,2
1,20081168I,TP505,2
1,20170261D,TP301,2
1,20150212H,ST202,2
1,20162526B,HS131,2
1,20162526B,ST111,2
1,20164511B,CB402,2
1,20164511B,HS121,2
1,20164511B,ST202,2
1,20111102K,ST124,2
1,20111102K,ST214,2
1,20132692A,GP234,2
1,20132692A,TP123,2
1,20171293G,HS101,2
1,20120294F,ST123,2
1,20120294F,ST133,2
1,20151155H,HS131,2
1,20151155H,ST222,2
1,20111260E,ST205,2
1,20100130H,ST285,2
1,20171027E,GP101,2
1,20171027E,HS101,2
1,20171027E,HS111,2
1,20177012J,CB222,2
1,19840032F,GP525,4
1,20171217I,HS101,2
1,20032551G,ST285,2
1,20150059E,CB112,2
1,20150059E,CB222,2
1,20150059E,HS121,2
1,20150059E,HS141,2
1,20120263C,GP314,2
1,20101128G,ST274,2
1,20172524B,HS111,2
1,20111203A,ST205,2
1,20102062J,ST202,2
1,20051068F,ST203,5
1,20032555B,ST235,2
1,20092587H,ST205,2
1,20121387H,GP234,2
1,20144153C,TP301,2
1,20121199G,ST203,2
1,20130039I,ST205,2
1,19991103J,GP324,4
1,20170035D,HS101,2
1,20144529C,ST124,2
1,20021088I,ST205,7
1,20153004G,ST113,2
1,20141029J,CB402,2
1,20141029J,GP112,2
1,20120095C,GP244,2
1,20120095C,GP314,2
1,20120095C,GP404,2
1,20141252K,MB147,2
1,20172163J,MB224,2
1,20172163J,MC510,2
1,20160123H,MC509,2
1,20174029I,MC112,2
1,20174029I,MC401,2
1,20174029I,MC502,2
1,20041045C,MT516,2
1,20151103H,ML202,2
1,20130372J,MV214,2
1,20171175D,MB223,2
1,20144533K,MC337,2
1,20171328E,MB223,2
1,20022520A,MN163,2
1,20161065A,MB613,2
1,20127046H,MB224,2
1,20127046H,MB545,3
1,20150110K,MB155,2
1,20150110K,ML140,2
1,19970072H,MN310,15
1,19970072H,MT227,4
1,20130250A,MB148,2
1,20130250A,MB613,2
1,20130250A,MC114,2
1,20130250A,MC512,2
1,20142040G,MC338,2
1,20040234G,ML713,2
1,20040234G,ML951,2
1,20160210H,MB226,2
1,19830007I,MB312,4
1,19830007I,MC401,5
1,19830007I,MC502,5
1,20172585A,MB312,2
1,20172585A,MC502,2
1,20111226A,MB536,2
1,20132652J,MB155,2
1,20132652J,MN216,2
1,20112596G,ML202,2
1,20172704K,MB223,2
1,20161056B,MC114,2
1,20161056B,MS112,2
1,20150004F,ML202,2
1,20150004F,ML831,2
1,20150004F,MT127,2
1,19841273G,ML214,2
1,20134020K,MC589,2
1,20134020K,MN136,2
1,20170343K,MB224,2
1,20121010A,MN114,2
1,20162127K,MB613,2
1,20152622I,ML114,2
1,19990327A,MC324,3
1,20160646K,MB146,2
1,20160646K,MB223,2
1,20160646K,MC502,2
1,20152566A,MC338,2
1,20171058H,MB146,2
1,20171058H,MB312,2
1,20171058H,MB844,2
1,20120317F,MV615,2
1,20160299I,ML114,2
1,20161160D,MC112,2
1,20122081J,MB536,2
1,20122081J,MC324,2
1,20122081J,MN217,2
1,20130045I,MN310,2
1,20155505C,MT235,2
1,20140183E,MC417,2
1,20131354E,MB613,2
1,19801212G,MN136,2
1,20121435B,MV211,2
1,20131044F,MN232,2
1,20131044F,MT736,2
1,20151308I,MB148,2
1,20151308I,MB545,2
1,20171232H,MB223,2
1,20171232H,MB312,2
1,20171232H,MC502,2
1,20160146H,MB155,2
1,20161168E,MC114,2
1,20161168E,MS112,2
1,20150156K,ML140,2
1,20121183C,MN217,2
1,20132535C,MC571,2
1,20132535C,MT136,2
1,20130010K,MS112,2
1,20112686F,ML140,2
1,20127016A,ML214,2
1,20130229B,MB536,2
1,20175020E,MB545,2
1,20175020E,MC502,2
1,20140132A,MB165,2
1,20152549J,MB155,2
1,20152549J,MC510,2
1,20134548E,XA100,1
1,20134548E,XA100,1
1,20142075E,MC324,2
1,20112120B,MV643,2
1,20112093E,MC612,2
1,20162530J,MB226,2
1,20141222D,ML114,2
1,20170285K,MB165,2
1,20020312B,MC589,2
1,20160201I,MB224,2
1,20062563C,MC601,2
1,20164164K,MB165,2
1,20164164K,MC114,2
1,20172705G,MB223,2
1,20160150E,MB155,2
1,20160150E,ML140,2
1,20160150E,MN121,2
1,20131161B,MV461,2
1,20140095I,ML831,2
1,20164039A,MB545,2
1,20164039A,ML140,2
1,20130167G,ML511,2
1,20164521H,MC510,2
1,20160064A,MC338,2
1,20160064A,MC361,2
1,20160064A,ML140,2
1,20174135C,MB146,2
1,20174135C,MB223,2
1,20071176I,MN464,2
1,20174032J,MB147,2
1,20174032J,MB165,2
1,20102558E,MC585,2
1,20141188K,MB147,2
1,20141188K,MC401,2
1,20160219E,MC401,2
1,20114086F,MC337,2
1,20127037I,ML140,2
1,20140309I,MC325,2
1,20130509E,MC509,2
1,20140500K,MC338,2
1,20172597J,MB223,2
1,20120191B,MB545,3
1,20161067D,MC509,2
1,20091141F,MV643,2
1,20120145K,MB155,2
1,20120145K,MN217,2
1,20160234D,MC510,2
1,20170311A,MB147,2
1,19970413J,ML140,22
1,19800195A,MC589,2
1,20152583C,MB148,2
1,20152583C,MB613,2
1,20142664K,MN204,2
1,20120166H,ML839,2
1,20120166H,MN310,2
1,20124017G,MT736,2
1,20174005B,MB147,2
1,20152125E,MN217,2
1,20094059I,MB224,2
1,20142084D,MC510,2
1,20162059E,MB155,2
1,20162611J,MC112,2
1,20121073C,ML214,2
1,20143002A,MN114,2
1,20160654C,MB613,2
1,20171029H,MC505,2
1,20132664H,MB224,2
1,20132664H,MC401,2
1,20152009E,MN204,2
1,20130378H,MV435,2
1,20171177G,MC502,2
1,20160233H,MB148,2
1,20092100A,MC589,2
1,20172048F,MB165,2
1,20172048F,MC509,2
1,20170262K,MC510,2
1,20112056B,MC751,2
1,20171209F,MB223,2
1,20171209F,MB312,2
1,20171209F,MC505,2
1,20160720F,MB148,2
1,20142616F,MC338,2
1,20142616F,MN204,2
1,20114127D,ML214,2
1,20171140F,MB223,2
1,20170086H,MS112,2
1,20161014H,MB148,2
1,20171148G,MB146,2
1,20171148G,MB223,2
1,20171148G,MB312,2
1,20171148G,MC502,2
1,20131022B,MB545,2
1,20131022B,MC338,2
1,20102132H,MC571,4
1,20171394H,MB223,2
1,20121098F,ML713,2
1,20170095G,MS112,2
1,20162011B,MC337,2
1,20172588K,MC502,2
1,20131306K,ML214,2
1,20154014F,MT235,2
1,20112523J,MT616,2
1,20132006K,MT616,2
1,20101277B,MV214,2
1,20090078I,MB148,2
1,20090078I,MB613,2
1,20090078I,MC114,2
1,20090078I,MC512,2
1,20161034I,MB148,2
1,20171495I,MV113,2
1,20081181E,ML202,2
1,20171247E,MB223,2
1,20171247E,MB312,2
1,20100216J,MB155,2
1,20160687I,MB147,2
1,20160687I,MS112,2
1,20121008G,ML202,2
1,20142620C,MB545,2
1,19741037J,ML244,2
1,20167009F,MB155,2
1,20151176E,MB165,2
1,20151176E,MC510,2
1,20071145F,ML713,2
1,20140418B,MN204,2
1,20051101C,ML951,2
1,20151112G,MB545,2
1,20075505G,ML214,2
1,20075505G,ML837,2
1,20075505G,MN116,17
1,20075505G,MN216,16
1,20131020J,MT136,2
1,20131020J,MT235,2
1,20151362C,MC337,2
1,20142007J,ML202,2
1,20142007J,MT235,2
1,20142007J,MT417,2
1,20142208E,MC338,2
1,20160077F,MC337,2
1,20165027G,MT235,2
1,20111165B,MB147,2
1,20111165B,MB165,2
1,20111165B,MC510,2
1,20092613I,ML830,2
1,20092613I,MV214,2
1,20130108K,MT818,2
1,20142550E,MN217,2
1,20120138D,MB545,2
1,20120138D,MS112,2
1,20100207K,ML313,2
1,20170437E,MB223,2
1,20170437E,MC502,2
1,19830251G,MB312,9
1,20122590A,ML114,2
1,20142600B,MN116,2
1,20142600B,MS213,2
1,20092076C,ML214,2
1,20035501K,MT221,2
1,20177502G,MC505,2
1,20177502G,MS112,2
1,20140315I,MB148,2
1,20140315I,MC114,2
1,20140315I,MC337,2
1,20130279J,MB536,2
1,19940133I,MN314,2
1,20112519B,MT736,2
1,20132162B,ML511,2
1,20132162B,MN136,2
1,20131049H,MT136,2
1,20131049H,MT235,2
1,20142508I,MT227,2
1,20132517E,MC571,2
1,20132517E,MT136,2
1,20132517E,MT242,2
1,20132517E,MT736,2
1,20131189D,MV615,2
1,20171061I,MB223,2
1,20171061I,MC505,2
1,20172051G,MB147,2
1,20172051G,MB165,2
1,20172051G,MC112,2
1,20172051G,MC401,2
1,20172051G,MC510,2
1,20160187F,MB613,2
1,20132675J,MB155,2
1,20171422A,MB146,2
1,20171422A,MB223,2
1,19820910H,ML202,2
1,20164060K,MC337,2
1,20164548C,MB147,2
1,20131254K,MV211,3
1,20142035C,MB155,2
1,20142035C,MB613,2
1,20142035C,MC338,2
1,20161057I,MB545,2
1,20121379E,MV615,2
1,20170269E,MB165,2
1,20170269E,MB224,2
1,20141205B,MB536,2
1,20141205B,MN204,2
1,20100039K,MT247,2
1,20081072A,MB226,2
1,20081072A,MC337,8
1,20034509H,MN310,2
1,19970194F,MN114,6
1,20120267I,MB155,2
1,20141146F,ML140,2
1,20121350G,MV615,2
1,20140023H,MB545,2
1,20140023H,MC401,2
1,20140023H,MC509,2
1,20140023H,ML140,2
1,20150170C,ML140,2
1,20153507I,ML202,2
1,20101165J,MN153,2
1,20111122A,MS311,2
1,20111122A,MT616,2
1,20092041E,ML511,2
1,20102057F,MC234,2
1,20153508E,MB148,2
1,20153508E,MC509,2
1,20160256H,MB545,2
1,19942048I,ML611,2
1,19942048I,MN136,2
1,20170217E,MC112,2
1,20161206D,MC510,2
1,19942083I,MN232,10
1,20150527I,MB155,2
1,20124054J,MC213,2
1,20122131G,MC115,2
1,20170393H,MB224,2
1,20102616E,MV461,2
1,20072078K,MB155,10
1,19970288K,ML611,2
1,19970288K,ML830,2
1,20160767B,MB224,2
1,20160767B,MB545,2
1,20132108H,ML214,2
1,20147501B,ML202,2
1,20147501B,MT235,2
1,20147501B,MT247,2
1,20147501B,MT516,2
1,20141165K,MC571,2
1,20100103K,MB224,2
1,20100103K,MC510,2
1,20100259K,MV615,2
1,20151182E,MC510,2
1,20132010H,MT818,2
1,20144019E,ML214,2
1,20144019E,MN232,2
1,20097026D,ML713,2
1,20097026D,MS311,2
1,20101074D,MB158,2
1,20170366K,MB147,2
1,19800680G,ML214,2
1,20171210D,MC502,2
1,20091091I,MS311,2
1,20151227I,MB224,2
1,20130448F,MB155,2
1,20130448F,MC510,2
1,20150119H,MC114,2
1,20165523D,MC510,2
1,20170278D,MB147,2
1,20170278D,MC401,2
1,20170278D,MC510,2
1,20132146G,MB536,2
1,20132146G,MC324,2
1,20042517F,MN204,7
1,20140189C,MN114,2
1,20140189C,MN216,2
1,20142632A,MB536,2
1,20132037C,MT227,2
1,19850219A,MB613,20
1,20161308A,MC401,2
1,20120235J,MV615,2
1,20152548C,MB545,2
1,20112558H,ML214,2
1,20112558H,ML839,2
1,20111210H,MS311,2
1,20111210H,MS525,2
1,20152040J,MN217,2
1,20132609G,MC571,2
1,20050089J,MN310,2
1,20050089J,MT136,2
1,20151470K,MB148,2
1,20141082H,ML140,2
1,20171083B,MC502,2
1,20021068H,MN136,2
1,20162088E,MB155,2
1,20162088E,MC213,2
1,20152079C,MC417,2
1,20152079C,ML140,2
1,20132659D,PI135,2
1,20132659D,PQ423,2
1,20091384F,PQ222,2
1,20160763G,PM212,2
1,19900273D,PP424,6
1,20160772F,PG221,2
1,20094162D,HC516,2
1,20094162D,PP321,2
1,20094162D,PP522,2
1,20152657G,PQ122,2
1,20091263D,PM211,2
1,20091263D,PP212,2
1,20132668C,PQ423,2
1,20150433D,PF211,2
1,20150467F,PP321,2
1,20120287J,PH511,2
1,20120287J,PP421,2
1,20120287J,PP423,2
1,20120287J,PP426,2
1,20171588G,PF111,2
1,20140455E,PQ313,2
1,20152161A,EC310,2
1,20152161A,PI313,2
1,20171575B,PF111,2
1,20171460K,PF111,2
1,20172711G,PM111,2
1,20171255H,PF111,2
1,20171255H,PH111,2
1,20171255H,PQ112,2
1,20134073G,PQ423,2
1,20171315K,PF111,2
1,20172576B,PQ112,2
1,20170368C,PM122,2
1,20161328B,MA133,2
1,20150415F,PI111,2
1,20121433J,PIT23,2
1,20121433J,QU517,2
1,20150441G,FI403,2
1,20150441G,MA143,2
1,20071165G,HC443,2
1,20071165G,PI426,2
1,20071165G,PI475,2
1,20170565C,MA123,2
1,20170565C,MA124,2
1,20100370I,QU334,2
1,20161097K,MA133,2
1,20141265E,QU526,2
1,20122631J,PI135,2
1,20122631J,PI225,2
1,20091353C,MA133,2
1,20030462G,EC618,2
1,20030462G,PIT61,2
1,20030462G,PI216,2
1,20030462G,QU334,2
1,20172266C,MA123,2
1,19931219A,MA143,2
1,20141509A,EM811,2
1,20040385E,PI365,2
1,20151492D,MA123,2
1,20150372E,PI111,2
1,20150372E,QU324,2
1,20150372E,QU526,2
1,19870040G,PI118,9
1,20112628F,QU526,2
1,20091255A,EE102,7
1,20091255A,MA124,7
1,20141357G,PA714,2
1,20141357G,QU324,2
1,20110451A,PA714,2
1,19971241H,EC618,4
1,20051205C,PI911,2
1,19950481J,PI216,8
1,19950481J,QU324,7
1,20122621D,PI143,2
1,20172216F,FI204,2
1,20172216F,MA123,2
1,20172216F,QU118,2
1,20172216F,QU119,2
1,20177014B,MA133,2
1,20030378F,FI204,5
1,20170591D,FI204,2
1,20170591D,MA124,2
1,20171552B,FI203,2
1,20171552B,MA113,2
1,20171552B,MA114,2
1,20072164D,PIT61,6
1,20072164D,PI111,7
1,20121420E,FI152,2
1,20171568F,FI203,2
1,20171568F,MA114,2
1,20070382D,QU334,2
1,20150442C,MA133,2
1,20102680E,EE621,2
1,20140310G,PA714,2
1,20071300A,EC618,2
1,20151289D,PI523,2
1,20151289D,QU324,2
1,20012184I,PI216,2
1,20171541K,FI203,2
1,20121439H,PA113,2
1,20161439I,FI403,2
1,20062675F,PIT21,3
1,20062675F,QU118,5
1,20062675F,QU119,4
1,20110396K,PI513,2
1,20150457K,PI523,2
1,20151436G,PA714,2
1,19950466K,PI426,8
1,20151367E,PI523,2
1,20151367E,QU435,2
1,20131499C,EE102,2
1,20131499C,MA143,2
1,20171420I,FI203,2
1,20171420I,MA113,2
1,20171420I,PI118,2
1,20171420I,QU116,2
1,20171420I,QU117,2
1,20151062J,PI111,2
1,20150471C,PI111,2
1,20141490I,PIT52,2
1,20010399H,PA113,2
1,20072088F,PI826,2
1,20122654J,PI225,2
1,20170336D,MA124,2
1,20082175I,QU119,8
1,20122177G,PI225,2
1,20161372A,FI204,2
1,20161372A,MA123,2
1,20161372A,MA713,2
1,20131462B,PI217,2
1,20154501D,QU324,2
1,20150481I,EM811,2
1,20172204H,MA123,2
1,19992669G,MA143,15
1,20162607B,FI204,2
1,20140497J,PA714,2
1,20140497J,PI216,2
1,20132720E,PI225,2
1,20131450D,PI111,2
1,20152162H,FI152,2
1,20152162H,QU324,2
1,20152552K,MA143,2
1,20152552K,MA612,2
1,20031199H,PI225,2
1,20131427B,PA113,2
1,20131427B,PI513,2
1,20161310F,MA124,2
1,20110381C,PI826,2
1,20170463F,MA123,2
1,20081321A,PI523,2
1,20081134G,PI426,2
1,20151330D,MA612,2
1,20110404C,PI426,2
1,20171532A,PI100,2
1,20170031I,MA124,2
1,20101307I,PI216,2
1,20161186C,EP307,2
1,20130427I,PI225,2
1,20172638H,AU511,2
1,20172638H,FI203,2
1,20172638H,QU116,2
1,19920516J,PI111,7
1,20140507E,QU334,2
1,20170475D,MA124,2
1,20160369G,MA612,2
1,20132134I,PI140,2
1,20132134I,QU526,2
1,20160579A,MA143,2
1,20020499E,PIT23,5
1,20162692J,MA123,2
1,20145031I,QU526,2
1,20101406G,PA515,2
1,20151235A,QU324,2
1,20171515J,MA113,2
1,20132711F,PI225,2
1,20164556F,MA123,2
1,20140426E,PI111,2
1,20140426E,QU434,2
1,20170175K,MA124,2
1,20032155D,PI510,11
1,20142195K,PIT52,2
1,20132685E,QU334,2
1,20132685E,QU526,2
1,20170542C,MA124,2
1,20141507I,EE102,2
1,20141507I,EM560,2
1,20141507I,MA143,2
1,20141507I,PIT31,2
1,20154035C,FI152,2
1,20154035C,PI111,2
1,20154035C,PI523,2
1,20154035C,QU434,2
1,20154035C,QU516,2
1,20110427C,QU435,2
1,20082660D,PI523,7
1,20082660D,QU526,4
