enterga,codcur,codalu,nveces,codperiodo,codcar
1,FA108,20142727B,2,2019I,A1
1,FA191,19991269E,2,2019I,A1
1,FA716,20111054F,2,2019I,A1
1,FA121,20080289G,2,2019I,A1
1,FA215,20042696H,2,2019I,A1
1,FA110,20117513B,2,2019I,A1
1,FA108,20140554C,2,2019I,A1
1,FA224,20120451D,2,2019I,A1
1,FA293,20101351H,2,2019I,A1
1,FA293,20100459J,2,2019I,A1
1,FA374,20112697H,2,2019I,A1
1,FA109,20082078C,2,2019I,A1
1,FA108,20030425D,2,2019I,A1
1,FA121,20081404D,2,2019I,A1
1,FA592,19980571G,2,2019I,A1
1,FA224,20101449H,2,2019I,A1
1,FA109,20140547G,2,2019I,A1
1,FA121,20130533C,2,2019I,A1
1,FA525,20091241K,2,2019I,A1
1,FA223,20111170F,2,2019I,A1
1,FA162,20000172K,2,2019I,A1
1,FA161,19944086E,2,2019I,A1
1,FA110,20091414B,2,2019I,A1
1,FA525,20114094I,2,2019I,A1
1,FA109,20082585B,2,2019I,A1
1,FA294,20122713F,2,2019I,A1
1,FA392,20132242F,2,2019I,A1
1,FA710,20121455C,2,2019I,A1
1,FA607,20001389C,2,2019I,A1
1,FA293,20120342K,2,2019I,A1
1,FA392,20071395B,2,2019I,A1
1,FA591,20111393E,2,2019I,A1
1,FA327,20121198K,2,2019I,A1
1,FA163,19940497K,2,2019I,A1
1,FA285,20130525K,2,2019I,A1
1,FA109,20070428D,2,2019I,A1
1,FA110,19980580F,2,2019I,A1
1,FA109,20144130C,2,2019I,A1
1,FA371,20122214J,2,2019I,A1
1,FA391,20122707F,2,2019I,A1
1,FA108,20082691G,2,2019I,A1
1,FA293,20060400J,2,2019I,A1
1,FA109,20062683I,2,2019I,A1
1,FA109,19954054I,2,2019I,A1
1,FA531,19970587H,2,2019I,A1
1,FA108,20130527C,2,2019I,A1
1,FA110,20091380K,2,2019I,A1
1,FA109,20052667K,2,2019I,A1
1,FA525,20121457F,2,2019I,A1
1,FA121,20110463J,2,2019I,A1
1,FA592,20040441B,2,2019I,A1
1,FA109,20134157F,2,2019I,A1
1,FA162,19970586A,2,2019I,A1
1,FA293,19930454G,2,2019I,A1
1,FA108,20037012G,2,2019I,A1
1,FA525,20051359K,2,2019I,A1
1,FA110,20054059H,2,2019I,A1
1,FA224,20094524C,2,2019I,A1
1,FA515,20122215F,2,2019I,A1
1,FA108,20052011H,2,2019I,A1
1,FA109,19997003G,2,2019I,A1
1,FA110,20080438B,2,2019I,A1
1,FA514,19930574B,2,2019I,A1
1,FA192,19991470B,2,2019I,A1
1,FA293,20114160A,2,2019I,A1
1,FA615,19880589A,2,2019I,A1
1,FA294,20071325D,2,2019I,A1
1,FA110,20082209K,2,2019I,A1
1,FA192,19930497H,2,2019I,A1
1,FA526,20131525D,2,2019I,A1
1,FA109,20101422B,2,2019I,A1
1,FA294,20090440J,2,2019I,A1
1,FA606,20091390F,2,2019I,A1
1,FA526,20091410G,2,2019I,A1
1,FA606,19981362B,2,2019I,A1
1,FA591,19971375D,2,2019I,A1
1,FA591,19910034B,2,2019I,A1
1,FA731,20031346K,2,2019I,A1
1,CF221,20151395I,2,2019I,N1
1,CF561,20060234B,2,2019I,N1
1,CF221,20160278A,2,2019I,N1
1,BIC01,20182116D,2,2019I,N1
1,CF391,20050099E,2,2019I,N1
1,CM142,20132608K,2,2019I,N1
1,CF222,20152741H,2,2019I,N1
1,CF582,19972195J,2,2019I,N1
1,BFI01,20184077F,2,2019I,N1
1,CF221,20160487J,2,2019I,N1
1,CC102,20160501B,2,2019I,N1
1,CF371,19801660J,2,2019I,N1
1,CF221,20161290E,2,2019I,N1
1,BMA01,20184144E,2,2019I,N1
1,CL002,20174053G,2,2019I,N1
1,CF251,20152738G,2,2019I,N1
1,CF302,20130026D,2,2019I,N1
1,CF371,20142709D,2,2019I,N1
1,CF582,20124134C,2,2019I,N1
1,BFI01,20180445K,2,2019I,N2
1,CM421,20140394F,2,2019I,N2
1,CM314,19991246E,2,2019I,N2
1,BFI01,20180631I,2,2019I,N2
1,CM274,20170505K,2,2019I,N2
1,CM313,20101327J,2,2019I,N2
1,CM312,20031123A,2,2019I,N2
1,CM454,20111334I,2,2019I,N2
1,CM262,20121383B,2,2019I,N2
1,CM274,20151340J,2,2019I,N2
1,CM578,20101352D,2,2019I,N2
1,CM313,19992147K,2,2019I,N2
1,CM224,20141488D,2,2019I,N2
1,BFI01,20180545E,2,2019I,N2
1,CM211,20142684A,2,2019I,N2
1,BFI01,20180629D,2,2019I,N2
1,CM322,20060229I,2,2019I,N2
1,BFI01,20180563C,2,2019I,N2
1,CL002,20101407C,2,2019I,N3
1,BFI01,20182223E,2,2019I,N3
1,CQ561,20081387B,2,2019I,N3
1,CF122,20111448D,2,2019I,N3
1,CQ013,20094516K,2,2019I,N3
1,CQ232,20120485F,2,2019I,N3
1,CQ252,20151522K,2,2019I,N3
1,CQ252,20111447H,2,2019I,N3
1,CQ332,20081258H,2,2019I,N3
1,CQ252,20141516H,2,2019I,N3
1,CQ342,20141417J,2,2019I,N3
1,CH061,20160555E,2,2019I,N3
1,BFI01,20180615C,2,2019I,N3
1,CC102,20142708H,2,2019I,N3
1,CQ441,20130476J,2,2019I,N3
1,CH061,20150478H,2,2019I,N3
1,CH061,20150514D,2,2019I,N3
1,CQ331,20150525F,2,2019I,N3
1,IF271,20160486C,2,2019I,N5
1,CF222,20162076G,2,2019I,N5
1,CF222,20152242A,2,2019I,N5
1,CM142,20160694E,2,2019I,N5
1,CM211,20162624D,2,2019I,N5
1,CF221,20162136J,2,2019I,N5
1,CM211,20160373D,2,2019I,N5
1,CM211,20141081A,2,2019I,N5
1,CF251,20134124K,2,2019I,N5
1,IF312,20140446F,2,2019I,N5
1,CF251,20160781E,2,2019I,N5
1,CF221,20160716I,2,2019I,N5
1,CL002,20160546F,2,2019I,N5
1,BFI01,20180390A,2,2019I,N5
1,BQU01,20180501H,2,2019I,N5
1,IF312,20132618F,2,2019I,N5
1,CF222,20150259D,2,2019I,N5
1,IF025,20052150H,2,2019I,N5
1,CF252,20131475G,2,2019I,N5
1,CF221,20161415B,2,2019I,N5
1,CF221,20142716K,2,2019I,N5
1,CC201,20150377G,2,2019I,N6
1,CC541,20111328I,2,2019I,N6
1,CC302,20131294B,2,2019I,N6
1,CC361,20162208K,2,2019I,N6
1,CM254,20121212C,2,2019I,N6
1,CM211,20140508A,2,2019I,N6
1,CM274,20102652A,2,2019I,N6
1,CC541,20111320H,2,2019I,N6
1,CC262,20151508H,2,2019I,N6
1,CM211,20151380A,2,2019I,N6
1,BMA01,20180463I,2,2019I,N6
1,CC471,20140372B,2,2019I,N6
1,AHD65,20152212E,2,2019I,N6
1,BFI01,20180512J,2,2019I,N6
1,CF221,20161331C,2,2019I,N6
1,CM274,20152248J,2,2019I,N6
1,BMA01,20180447C,2,2019I,N6
1,BIC01,20180577D,2,2019I,N6
1,BFI01,20182213J,2,2019I,N6
1,CC021,20100135J,2,2019I,N6
1,AA217,20170533D,2,2019I,S1
1,AA231,20150408J,2,2019I,S1
1,FI403,20151301D,2,2019I,S1
1,SA215,20134166E,2,2019I,S1
1,SA445,20132660B,2,2019I,S1
1,SA216,20130246D,2,2019I,S1
1,BRC01,20180428I,2,2019I,S1
1,EE342,20094159C,2,2019I,S1
1,AHD65,19961158K,2,2019I,S1
1,AS870,20144049A,2,2019I,S1
1,BMA01,20171599I,2,2019I,S1
1,EC122,20102568K,2,2019I,S1
1,EC717,20124112J,2,2019I,S1
1,SA446,20091049B,2,2019I,S1
1,AA232,20052148C,2,2019I,S1
1,BMA03,20180550I,2,2019I,S1
1,AA232,19781845J,2,2019I,S1
1,SA413,20164146B,2,2019I,S1
1,FI403,20142580A,2,2019I,S1
1,MA143,20121278D,2,2019I,S1
1,SA312,20160465F,2,2019I,S1
1,AA233,19952246H,2,2019I,S1
1,EC717,20090261H,2,2019I,S1
1,AHD65,19972234E,2,2019I,S1
1,SA445,20112175A,2,2019I,S1
1,AA222,20172229K,2,2019I,S1
1,AA217,20150288D,2,2019I,S1
1,AA214,20172706C,2,2019I,S1
1,SA215,20142187H,2,2019I,S1
1,AA226,20162620I,2,2019I,S1
1,SA445,20050388G,2,2019I,S1
1,AA214,20172730A,2,2019I,S1
1,SA215,20130371C,2,2019I,S1
1,AA232,20164150J,2,2019I,S1
1,SA425,20151402E,2,2019I,S1
1,SA413,20160382C,2,2019I,S1
1,AA226,20160715B,2,2019I,S1
1,AS870,20031293D,2,2019I,S1
1,BMA03,20180573I,2,2019I,S1
1,FS145,20151324D,2,2019I,S2
1,BMA01,20182247A,2,2019I,S2
1,GA133,20002601F,2,2019I,S2
1,DS111,20161446E,2,2019I,S2
1,AA212,20160575F,2,2019I,S2
1,AA223,20171519E,2,2019I,S2
1,EE344,20041272J,2,2019I,S2
1,AS141,20101250G,2,2019I,S2
1,AA224,20161430A,2,2019I,S2
1,BMA01,20180627A,2,2019I,S2
1,MA143,20141421G,2,2019I,S2
1,AHD93,20142665G,2,2019I,S2
1,BO101,20110200I,2,2019I,S2
1,FS145,20141461I,2,2019I,S2
1,DS111,20121371D,2,2019I,S2
1,AHD93,20090370A,2,2019I,S2
1,AA223,20162702E,2,2019I,S2
1,AA223,20172758C,2,2019I,S2
1,BEF01,20180578K,2,2019I,S2
1,GA101,20144126F,2,2019I,S2
1,AA232,20160466B,2,2019I,S2
1,BMA01,20184161G,2,2019I,S2
1,BMA03,20180466H,2,2019I,S2
1,EP305,20150344A,2,2019I,S2
1,AA233,20061311K,2,2019I,S2
1,GA141,20142099A,2,2019I,S2
1,AA232,20140344I,2,2019I,S2
1,AA223,20171297B,2,2019I,S2
1,EP305,20102673I,2,2019I,S2
1,AA231,20162715J,2,2019I,S2
1,AA223,20171566C,2,2019I,S2
1,HH221,20110280B,2,2019I,S2
1,HH221,20112122E,2,2019I,S2
1,BMA03,20180189D,2,2019I,S3
1,DS111,20172241K,2,2019I,S3
1,AS152,20175014E,2,2019I,S3
1,HH501,20175503F,2,2019I,S3
1,BMA01,20183008K,2,2019I,S3
1,AA223,20187018K,2,2019I,S3
1,AA223,20170044C,2,2019I,S3
1,HH221,20160630G,2,2019I,S3
1,AA223,20171448K,2,2019I,S3
1,AA223,20171288C,2,2019I,S3
1,FS145,20160222F,2,2019I,S3
1,PI111,20160629I,2,2019I,S3
1,AS152,20140288A,2,2019I,S3
1,DS111,20120350C,2,2019I,S3
1,BO131,20151071I,2,2019I,S3
1,AS152,20140273D,2,2019I,S3
1,AA223,20170433J,2,2019I,S3
1,AS152,20142016I,2,2019I,S3
1,AA226,20151297G,2,2019I,S3
1,AA223,20171437I,2,2019I,S3
1,BMA01,20180420H,2,2019I,S3
1,FI403,20152640G,2,2019I,S3
1,GA141,20150271D,2,2019I,S3
1,AA223,20170428F,2,2019I,S3
1,GA158,20131291C,2,2019I,S3
1,GE001,20160126G,2,2019I,C1
1,CB121,20131061H,2,2019I,C1
1,EC211,20092083J,2,2019I,C1
1,HH113,20131080B,2,2019I,C1
1,EC114,20161049F,2,2019I,C1
1,CB412,20161041E,2,2019I,C1
1,GE001,20164513E,2,2019I,C1
1,EC514,20132014C,2,2019I,C1
1,EC611,20134508C,2,2019I,C1
1,GE831,19970442J,2,2019I,C1
1,EC513,20112031J,2,2019I,C1
1,CB412,19970453A,2,2019I,C1
1,CO721,20131140E,2,2019I,C1
1,CB212,20172040E,2,2019I,C1
1,CB121,20175028F,2,2019I,C1
1,TV761,19962674B,2,2019I,C1
1,HH224,20141023A,2,2019I,C1
1,HH333,20140104H,2,2019I,C1
1,CO822,20092086I,2,2019I,C1
1,EC211,20101028B,2,2019I,C1
1,EC521,20094140K,2,2019I,C1
1,CB115,20180010D,2,2019I,C1
1,EC211,19982591E,2,2019I,C1
1,CO822,20010235E,2,2019I,C1
1,CO622,20121116D,2,2019I,C1
1,CB212,20171125G,2,2019I,C1
1,HH223,20141099H,2,2019I,C1
1,CO822,20050295I,2,2019I,C1
1,ES832,20102501C,2,2019I,C1
1,CO721,20154130F,2,2019I,C1
1,EC211,20100186C,2,2019I,C1
1,ES531,20122565G,2,2019I,C1
1,TV114,20131151G,2,2019I,C1
1,FI204,20171023J,2,2019I,C1
1,ES731,20141104A,2,2019I,C1
1,EC211,19801624C,2,2019I,C1
1,HH223,20080208G,2,2019I,C1
1,TV561,20140141K,2,2019I,C1
1,HH333,20020268C,2,2019I,C1
1,CO721,20142512F,2,2019I,C1
1,CB213,20162593A,2,2019I,C1
1,CO821,19972163K,2,2019I,C1
1,CB412,20090132C,2,2019I,C1
1,GE001,20150062F,2,2019I,C1
1,EC521,19954516B,2,2019I,C1
1,HH223,20142528J,2,2019I,C1
1,EC111,20160162C,2,2019I,C1
1,ES831,20112522C,2,2019I,C1
1,CB115,20184117H,2,2019I,C1
1,CO822,20072516H,2,2019I,C1
1,TV661,20152026G,2,2019I,C1
1,CO823,20121021C,2,2019I,C1
1,CB101,20180019A,2,2019I,C1
1,ES731,20130179E,2,2019I,C1
1,CB311,20152536E,2,2019I,C1
1,FI204,20162020A,2,2019I,C1
1,EC114,20177003K,2,2019I,C1
1,CO622,20131040K,2,2019I,C1
1,EC114,20160018J,2,2019I,C1
1,EC513,20120152G,2,2019I,C1
1,FI204,20170089G,2,2019I,C1
1,EC513,20130074I,2,2019I,C1
1,TV114,20135020D,2,2019I,C1
1,TV113,20132020C,2,2019I,C1
1,ES731,20155010D,2,2019I,C1
1,CB115,20180122G,2,2019I,C1
1,EC511,20150085F,2,2019I,C1
1,ES731,20140113G,2,2019I,C1
1,CB212,20171064H,2,2019I,C1
1,CB311,20071224C,2,2019I,C1
1,EC114,20162072A,2,2019I,C1
1,TV661,20142501D,2,2019I,C1
1,ES531,20152553G,2,2019I,C1
1,EC511,20121013K,2,2019I,C1
1,CB121,20171109A,2,2019I,C1
1,GE001,20160017C,2,2019I,C1
1,CO821,20141018H,2,2019I,C1
1,CO722,19940368F,2,2019I,C1
1,CO920,20120091H,2,2019I,C1
1,ES531,20131148F,2,2019I,C1
1,EC111,20161135J,2,2019I,C1
1,FI204,20171073G,2,2019I,C1
1,GE001,20160129F,2,2019I,C1
1,CB121,20171059D,2,2019I,C1
1,ES832,20125001G,2,2019I,C1
1,CB311,20061245H,2,2019I,C1
1,CB121,20171120E,2,2019I,C1
1,CB311,20150052K,2,2019I,C1
1,FI204,20140020I,2,2019I,C1
1,EC211,20112058E,2,2019I,C1
1,CB213,20132007G,2,2019I,C1
1,GE831,20111120I,2,2019I,C1
1,EC114,20161148D,2,2019I,C1
1,EC211,20140130I,2,2019I,C1
1,EC114,19941144D,2,2019I,C1
1,HH224,20142036J,2,2019I,C1
1,EC211,20090322G,2,2019I,C1
1,CO823,20102527B,2,2019I,C1
1,TV113,20142531K,2,2019I,C1
1,CB212,20162501J,2,2019I,C1
1,CB114,20180168G,2,2019I,C1
1,ES731,20131107H,2,2019I,C1
1,CB212,20170158I,2,2019I,C1
1,GE001,20150061J,2,2019I,C1
1,ES731,20152060K,2,2019I,C1
1,CO421,20150036E,2,2019I,C1
1,EC513,20092540A,2,2019I,C1
1,GE001,20153003K,2,2019I,C1
1,CB114,20184082J,2,2019I,C1
1,TV761,20141129D,2,2019I,C1
1,CO622,20141114G,2,2019I,C1
1,CB121,20131102F,2,2019I,C1
1,GE001,20161104G,2,2019I,C1
1,TV114,20110126C,2,2019I,C1
1,EC211,19910349C,2,2019I,C1
1,CO622,20154098E,2,2019I,C1
1,TV113,20170170I,2,2019I,C1
1,CO922,20102078C,2,2019I,C1
1,EC323,20145520J,2,2019I,C1
1,ES831,20105015B,2,2019I,C1
1,HH113,20122018F,2,2019I,C1
1,TV661,20143501H,2,2019I,C1
1,CB121,19930511K,2,2019I,C1
1,CB212,20171141B,2,2019I,C1
1,HH224,20141120G,2,2019I,C1
1,CB411,20150021H,2,2019I,C1
1,HH113,20132561D,2,2019I,C1
1,TV661,20150105G,2,2019I,C1
1,HH315,20110137E,2,2019I,C1
1,EC511,20140067E,2,2019I,C1
1,SA253,20140099D,2,2019I,C1
1,FI204,20172548I,2,2019I,C1
1,CO421,20151135G,2,2019I,C1
1,CO721,20120057D,2,2019I,C1
1,CO822,20082103H,2,2019I,C1
1,CB212,20150028B,2,2019I,C1
1,CB114,20014564C,2,2019I,C1
1,CB114,20180153J,2,2019I,C1
1,HH223,20151034F,2,2019I,C1
1,CB412,20160055B,2,2019I,C1
1,CO622,20142543I,2,2019I,C1
1,CB212,20163502J,2,2019I,C1
1,TV561,20140105D,2,2019I,C1
1,TV113,20172037D,2,2019I,C1
1,CB212,20172045G,2,2019I,C1
1,MA195,20100101H,2,2019I,C1
1,TV561,20165035J,2,2019I,C1
1,CB121,20177010G,2,2019I,C1
1,CO822,20131157E,2,2019I,C1
1,EC114,20160035A,2,2019I,C1
1,CB411,20162039D,2,2019I,C1
1,TV661,20131072J,2,2019I,C1
1,HH415,20120086D,2,2019I,C1
1,CB212,20170051J,2,2019I,C1
1,TV114,20151086F,2,2019I,C1
1,EC111,20020378C,2,2019I,C1
1,CB212,20170143A,2,2019I,C1
1,HH224,20051254D,2,2019I,C1
1,MA195,19884107A,2,2019I,C1
1,CB412,20162520D,2,2019I,C1
1,ES731,19992139H,2,2019I,C1
1,FI204,20171066K,2,2019I,C1
1,TV113,20162565H,2,2019I,C1
1,TV561,20111196E,2,2019I,C1
1,TV114,20150143F,2,2019I,C1
1,SA253,20110149C,2,2019I,C1
1,ES731,19841021H,2,2019I,C1
1,CB109,20180130J,2,2019I,C1
1,EC611,20170141I,2,2019I,C1
1,TV661,20151111K,2,2019I,C1
1,ES831,20060239D,2,2019I,C1
1,CO722,20141006J,2,2019I,C1
1,ES731,20090318J,2,2019I,C1
1,EC211,20142060H,2,2019I,C1
1,GE001,20164154E,2,2019I,C1
1,GE001,20162585I,2,2019I,C1
1,CO722,20100088A,2,2019I,C1
1,ES831,20110060B,2,2019I,C1
1,ES731,20141154I,2,2019I,C1
1,CO721,20131051B,2,2019I,C1
1,EC521,20000202G,2,2019I,C1
1,CO822,20130111A,2,2019I,C1
1,CB121,20140085C,2,2019I,C1
1,FI204,20171116H,2,2019I,C1
1,EC114,20162510I,2,2019I,C1
1,CB311,20175516K,2,2019I,C1
1,CB109,20180149B,2,2019I,C1
1,ES531,20040366K,2,2019I,C1
1,EC211,20030349F,2,2019I,C1
1,ES731,20142561G,2,2019I,C1
1,ES831,20131038F,2,2019I,C1
1,CB114,20183003I,2,2019I,C1
1,CB212,20101148H,2,2019I,C1
1,TV661,20140133H,2,2019I,C1
1,TV113,20142562C,2,2019I,C1
1,CB411,20142080I,2,2019I,C1
1,TV761,20062112A,2,2019I,C1
1,CB211,20114037E,2,2019I,C1
1,CB411,20111115E,2,2019I,C1
1,FI204,20152529I,2,2019I,C1
1,EC611,20174023K,2,2019I,C1
1,FI204,20172552F,2,2019I,C1
1,EC311,20102562B,2,2019I,C1
1,CB411,20110157F,2,2019I,C1
1,TE981,20132028D,2,2019I,C1
1,HH333,19990176C,2,2019I,C1
1,SA253,20112550G,2,2019I,C1
1,EC323,20130155I,2,2019I,C1
1,SA253,20122027E,2,2019I,C1
1,EC322,20071138J,2,2019I,C1
1,TV661,20142518D,2,2019I,C1
1,TV114,20165032K,2,2019I,C1
1,CB411,20180315J,2,2019I,L1
1,MA185,20132151K,2,2019I,L1
1,EE211,20135502I,2,2019I,L1
1,FI204,20170492F,2,2019I,L1
1,MA114,20180397F,2,2019I,L1
1,EE211,20131179I,2,2019I,L1
1,MA143,20151252C,2,2019I,L1
1,EP399,20182167H,2,2019I,L1
1,MA185,20080341I,2,2019I,L1
1,EE112,20007502F,2,2019I,L1
1,MA611,20152672F,2,2019I,L1
1,EP111,20172669K,2,2019I,L1
1,QU111,20171476D,2,2019I,L1
1,EE211,20060086C,2,2019I,L1
1,EM111,20142668F,2,2019I,L1
1,EP111,20114069D,2,2019I,L1
1,EE211,19952095J,2,2019I,L1
1,EE354,20110274B,2,2019I,L1
1,EE225,20090118K,2,2019I,L1
1,EP399,20182121H,2,2019I,L1
1,EE112,20152625H,2,2019I,L1
1,EM111,20150253F,2,2019I,L1
1,EE112,19931106B,2,2019I,L1
1,FI403,20160331J,2,2019I,L1
1,EE616,20124075G,2,2019I,L1
1,EE225,19920374K,2,2019I,L1
1,EE211,20140320B,2,2019I,L1
1,FI403,20160315D,2,2019I,L1
1,EE111,20160153D,2,2019I,L1
1,MA713,20165514E,2,2019I,L1
1,CB411,20170338G,2,2019I,L1
1,FI403,20162157G,2,2019I,L1
1,EC119,20160193F,2,2019I,L1
1,CB411,19823006K,2,2019I,L1
1,CB411,20171309K,2,2019I,L1
1,CB411,20180330I,2,2019I,L1
1,CB411,20164546K,2,2019I,L1
1,EE211,20091178G,2,2019I,L1
1,EC119,20160631C,2,2019I,L1
1,EC119,20162168I,2,2019I,L1
1,MA185,20140412D,2,2019I,L1
1,EE354,20120403J,2,2019I,L1
1,QU111,20171365H,2,2019I,L1
1,HH221,20150308E,2,2019I,L1
1,EC119,20160391B,2,2019I,L1
1,EE111,19920117H,2,2019I,L1
1,EC119,20162169E,2,2019I,L1
1,CB411,20154532G,2,2019I,L1
1,EE211,20101171J,2,2019I,L1
1,EM111,20144066C,2,2019I,L1
1,MA195,20121202H,2,2019I,L1
1,EC119,20150225B,2,2019I,L1
1,EP111,20171145H,2,2019I,L1
1,MA114,20182131C,2,2019I,L1
1,EE214,20120264J,2,2019I,L1
1,MA124,20172662F,2,2019I,L1
1,CB411,20174045D,2,2019I,L1
1,MA114,20180293F,2,2019I,L1
1,EP399,20182097J,2,2019I,L1
1,EE340,20111214C,2,2019I,L1
1,EE111,20160637A,2,2019I,L1
1,EM111,20041109A,2,2019I,L1
1,FI204,20170412B,2,2019I,L1
1,AU511,20172702H,2,2019I,L1
1,EE131,20142676I,2,2019I,L1
1,EE615,19961180F,2,2019I,L1
1,EE521,20142118F,2,2019I,L1
1,AU511,20171444E,2,2019I,L1
1,MA113,20180301I,2,2019I,L2
1,FI204,20171280B,2,2019I,L2
1,EE421,20031018C,2,2019I,L2
1,EE421,20124517J,2,2019I,L2
1,CB411,20152650B,2,2019I,L2
1,EE524,20102522K,2,2019I,L2
1,EE111,20071028J,2,2019I,L2
1,EE521,20133003E,2,2019I,L2
1,EE341,20164120C,2,2019I,L2
1,MA124,20170235C,2,2019I,L2
1,EE421,20150134G,2,2019I,L2
1,EC119,20152152B,2,2019I,L2
1,EE111,20154534J,2,2019I,L2
1,MA143,20141286B,2,2019I,L2
1,AU511,20172128J,2,2019I,L2
1,EE423,20132682F,2,2019I,L2
1,MA195,20114508H,2,2019I,L2
1,EE422,20124043H,2,2019I,L2
1,EE635,20150357F,2,2019I,L2
1,EE524,20142065J,2,2019I,L2
1,MA124,20172064A,2,2019I,L2
1,EE625,19790513F,2,2019I,L2
1,EE422,20127033C,2,2019I,L2
1,FI403,20161211H,2,2019I,L2
1,EE637,20150123E,2,2019I,L2
1,FI204,20170169K,2,2019I,L2
1,FI204,20161214G,2,2019I,L2
1,EE610,20132515B,2,2019I,L2
1,EE422,20131063K,2,2019I,L2
1,IP101,20122573J,2,2019I,L2
1,EE514,19900086J,2,2019I,L2
1,FI203,20120123G,2,2019I,L2
1,FI403,20162109B,2,2019I,L2
1,FI403,20161240H,2,2019I,L2
1,EE111,20160131K,2,2019I,L2
1,EE210,20112013A,2,2019I,L2
1,EE131,20131141A,2,2019I,L2
1,EC119,20122508C,2,2019I,L2
1,EE513,19951025H,2,2019I,L2
1,EE514,20141294E,2,2019I,L2
1,EE422,20150082G,2,2019I,L2
1,EE524,20134015G,2,2019I,L2
1,EE521,20150371I,2,2019I,L2
1,MA113,20180222A,2,2019I,L2
1,EE616,20145025I,2,2019I,L2
1,EE112,20177509A,2,2019I,L2
1,MA123,20170480H,2,2019I,L2
1,FI204,20174048C,2,2019I,L2
1,EE637,20125005B,2,2019I,L2
1,CB411,20160121E,2,2019I,L2
1,EE422,20134531E,2,2019I,L2
1,CB411,20142623B,2,2019I,L2
1,EE112,20151162D,2,2019I,L2
1,EE421,20152061G,2,2019I,L2
1,IP101,20131175C,2,2019I,L2
1,EE111,20110013D,2,2019I,L2
1,CB411,20150306B,2,2019I,L2
1,CB411,19813104J,2,2019I,L2
1,EE435,19930068J,2,2019I,L2
1,CB411,20091096K,2,2019I,L2
1,EC119,20121050C,2,2019I,L2
1,EC119,20142629K,2,2019I,L2
1,EE524,20131442A,2,2019I,L2
1,EE435,20120210G,2,2019I,L2
1,AU511,20172639D,2,2019I,L2
1,MA113,20182144H,2,2019I,L2
1,EE637,20150172F,2,2019I,L2
1,EE112,20141177I,2,2019I,L2
1,EE210,20142012C,2,2019I,L2
1,EC119,20041011A,2,2019I,L2
1,EE112,20150394I,2,2019I,L2
1,CB411,20182101G,2,2019I,L2
1,EP111,20171301J,2,2019I,L3
1,EE111,20101167B,2,2019I,L3
1,EE112,20154023E,2,2019I,L3
1,AHD65,20170445H,2,2019I,L3
1,MA124,20160343H,2,2019I,L3
1,FI204,20161265K,2,2019I,L3
1,EC119,20140473C,2,2019I,L3
1,EE112,20141330A,2,2019I,L3
1,IT514,20132210G,2,2019I,L3
1,CB123,20152647A,2,2019I,L3
1,FI403,20162740D,2,2019I,L3
1,FI204,20175501C,2,2019I,L3
1,MA195,20162753I,2,2019I,L3
1,EE524,20151294H,2,2019I,L3
1,EE521,20131339F,2,2019I,L3
1,FI204,20170461C,2,2019I,L3
1,CB411,20172661J,2,2019I,L3
1,EE525,20141370C,2,2019I,L3
1,IP101,20122066K,2,2019I,L3
1,FI463,20150385J,2,2019I,L3
1,EE411,20121317J,2,2019I,L3
1,EE341,20160208C,2,2019I,L3
1,CB411,20142681B,2,2019I,L3
1,IT255,20131392D,2,2019I,L3
1,IT524,20060164D,2,2019I,L3
1,MA133,20162167B,2,2019I,L3
1,EE525,20132602B,2,2019I,L3
1,EE341,20152690D,2,2019I,L3
1,MA195,20152201C,2,2019I,L3
1,FI403,20154578G,2,2019I,L3
1,MA195,20160375G,2,2019I,L3
1,EP111,20161473B,2,2019I,L3
1,CB411,20180391H,2,2019I,L3
1,MA123,20172682G,2,2019I,L3
1,EP111,20170471I,2,2019I,L3
1,CB411,20184169H,2,2019I,L3
1,QU111,20172690J,2,2019I,L3
1,MA185,20141408K,2,2019I,L3
1,EE411,20151354K,2,2019I,L3
1,CI101,20130402F,2,2019I,L3
1,CB411,20180481G,2,2019I,L3
1,FI403,20172107B,2,2019I,L3
1,EE111,20122120E,2,2019I,L3
1,MA133,20160638H,2,2019I,L3
1,EE521,20120357H,2,2019I,L3
1,EC119,20142688G,2,2019I,L3
1,MA195,20030093A,2,2019I,L3
1,MA133,20160502I,2,2019I,L3
1,EE341,20142692D,2,2019I,L3
1,MA195,20151343I,2,2019I,L3
1,EE111,20141373B,2,2019I,L3
1,MA195,20152675E,2,2019I,L3
1,CB411,20171354F,2,2019I,L3
1,CB123,20140445J,2,2019I,L3
1,FI904,20075506C,2,2019I,L3
1,IT524,20141245D,2,2019I,L3
1,QU111,20182105B,2,2019I,L3
1,IT213,20140346A,2,2019I,L3
1,EE524,20131186E,2,2019I,L3
1,FI403,20162193C,2,2019I,L3
1,CB411,20182238B,2,2019I,L3
1,IT215,20112556E,2,2019I,L3
1,FI403,20162117E,2,2019I,L3
1,EE524,20124523J,2,2019I,L3
1,EE341,20120348I,2,2019I,L3
1,IT255,20140421C,2,2019I,L3
1,AHD65,20150416B,2,2019I,L3
1,MA133,20172121E,2,2019I,L3
1,MA611,20141076H,2,2019I,L3
1,CB525,19981179C,2,2019I,L3
1,EC119,20120126F,2,2019I,L3
1,EC119,20142183B,2,2019I,L3
1,CB411,20161458C,2,2019I,L3
1,EC119,20131418C,2,2019I,L3
1,MA195,20152198B,2,2019I,L3
1,EC119,20131311D,2,2019I,L3
1,CI101,20172619C,2,2019I,L3
1,EE112,20141368I,2,2019I,L3
1,MA195,20160341E,2,2019I,L3
1,MA195,20161316D,2,2019I,L3
1,BMA01,20180503K,2,2019I,E1
1,BMA01,20171428J,2,2019I,E1
1,BIC01,20172745I,2,2019I,E1
1,BFI01,20171389D,2,2019I,E1
1,BMA01,20184160K,2,2019I,E1
1,BIC01,20180379H,2,2019I,E1
1,BMA01,20170207J,2,2019I,E1
1,ES914,19970362F,2,2019I,E2
1,EF012,20101284I,2,2019I,E3
1,ES722,20120420A,2,2019I,E3
1,ES721,20132228C,2,2019I,E3
1,ES722,20101368H,2,2019I,E3
1,EF012,20051281A,2,2019I,E3
1,BIC01,20182229C,2,2019I,E3
1,ES914,20134174H,2,2019I,E3
1,EF012,20060312C,2,2019I,E3
1,BIC01,20180598A,2,2019I,E3
1,BMA01,20172763G,2,2019I,E3
1,ES815,20042633F,2,2019I,E3
1,MA352,20170401K,2,2019I,G1
1,GE413,20160297F,2,2019I,G1
1,FI345,20170302B,2,2019I,G1
1,GE114,20081215G,2,2019I,G1
1,GE643,20101202B,2,2019I,G1
1,FI456,20154082A,2,2019I,G1
1,EC115,20121309G,2,2019I,G1
1,BMA12,20184119K,2,2019I,G1
1,BMA02,20171314D,2,2019I,G1
1,GE901,20121204K,2,2019I,G1
1,BMA02,20172681K,2,2019I,G1
1,BMA02,20170260H,2,2019I,G1
1,BDI21,20171097C,2,2019I,G1
1,GE413,20160613E,2,2019I,G1
1,GE265,20112130H,2,2019I,G1
1,MI570,20002174K,2,2019I,G1
1,ME523,19890021H,2,2019I,G2
1,BMA02,20170453K,2,2019I,G2
1,ME421,20130503G,2,2019I,G2
1,ME421,20114567D,2,2019I,G2
1,BEG01,19770416E,2,2019I,G2
1,ME321,20132187E,2,2019I,G2
1,FI345,20150294D,2,2019I,G2
1,BMA02,20170592K,2,2019I,G2
1,BMA02,20170560A,2,2019I,G2
1,FI345,20170504D,2,2019I,G2
1,ME525,19930362E,2,2019I,G2
1,MA473,20072135D,2,2019I,G2
1,ME467,20020373A,2,2019I,G2
1,BEF01,20140131E,2,2019I,G2
1,FI334,20120164E,2,2019I,G2
1,ME424,20121402G,2,2019I,G2
1,BMA02,20160764C,2,2019I,G2
1,ME424,20121357A,2,2019I,G2
1,FI345,20132699F,2,2019I,G2
1,BEG01,20041280B,2,2019I,G2
1,GE001,20162738J,2,2019I,G2
1,MA352,20170603B,2,2019I,G2
1,ME487,20130404I,2,2019I,G2
1,ME420,20140523K,2,2019I,G2
1,GE001,20170474H,2,2019I,G2
1,MA363,20164542E,2,2019I,G2
1,ME525,20012124F,2,2019I,G2
1,GE001,20160678J,2,2019I,G2
1,GE001,20170543J,2,2019I,G2
1,GE001,20175522K,2,2019I,G2
1,BFI22,20170405F,2,2019I,G2
1,FI345,20151382D,2,2019I,G2
1,BMA02,20171290H,2,2019I,G3
1,MA681,20142569H,2,2019I,G3
1,TM527,20175506E,2,2019I,G3
1,BEF01,20151160A,2,2019I,G3
1,BEF01,20000405E,2,2019I,G3
1,GE153,20111211D,2,2019I,G3
1,BFI22,20140184A,2,2019I,G3
1,FI345,20161247B,2,2019I,G3
1,GE323,20110049I,2,2019I,G3
1,ME211,20134029H,2,2019I,G3
1,MI636,20111264K,2,2019I,G3
1,ME315,20141295A,2,2019I,G3
1,FI345,20164144J,2,2019I,G3
1,BIC01,20160626J,2,2019I,G3
1,BQU01,20130222H,2,2019I,G3
1,BDI21,20170408E,2,2019I,G3
1,FI345,20160179C,2,2019I,G3
1,FI675,20122586D,2,2019I,G3
1,BMA02,20162602K,2,2019I,G3
1,GE511,20104149E,2,2019I,G3
1,BFI01,20184126G,2,2019I,G3
1,BEF01,20142051I,2,2019I,G3
1,FI456,20142614C,2,2019I,G3
1,BEF01,20110075J,2,2019I,G3
1,TP254,20131222A,2,2019I,I1
1,TP213,20162068D,2,2019I,I1
1,GP123,20162094E,2,2019I,I1
1,ST113,20152093F,2,2019I,I1
1,GP545,20130144G,2,2019I,I1
1,HS204,20124007A,2,2019I,I1
1,GP314,20101017K,2,2019I,I1
1,FB101,20180094C,2,2019I,I1
1,GP234,20020050H,2,2019I,I1
1,ST113,19942529G,2,2019I,I1
1,GP314,20137510I,2,2019I,I1
1,TP224,20131244E,2,2019I,I1
1,BEF01,20180100C,2,2019I,I1
1,GP545,20122597F,2,2019I,I1
1,TP224,20122602J,2,2019I,I1
1,ST222,19930131C,2,2019I,I1
1,TP254,20131037J,2,2019I,I1
1,BMA01,20171112B,2,2019I,I1
1,GP223,20151193G,2,2019I,I1
1,TP505,20130117J,2,2019I,I1
1,ST264,20050022B,2,2019I,I1
1,GP203,20001058G,2,2019I,I1
1,GP114,20140380E,2,2019I,I1
1,GP244,20130168C,2,2019I,I1
1,CB312,20032549B,2,2019I,I1
1,ST123,20082542A,2,2019I,I1
1,ST123,20141033G,2,2019I,I1
1,GP555,20110036D,2,2019I,I1
1,GP535,20121040H,2,2019I,I1
1,TP224,20142546H,2,2019I,I1
1,ST221,20171105F,2,2019I,I1
1,TP224,20142570F,2,2019I,I1
1,GP314,20140078G,2,2019I,I1
1,BMA01,20180030E,2,2019I,I1
1,GP154,20110406F,2,2019I,I1
1,TP314,20111072D,2,2019I,I1
1,GP235,20110030F,2,2019I,I1
1,GP515,20112603C,2,2019I,I1
1,GP133,20061186A,2,2019I,I1
1,ST124,19971072A,2,2019I,I1
1,GP314,20141077D,2,2019I,I1
1,TP302,20160280F,2,2019I,I1
1,TP404,20144095C,2,2019I,I1
1,CB312,20101105G,2,2019I,I1
1,ST113,20160176D,2,2019I,I1
1,CB312,20142539A,2,2019I,I1
1,ST123,19851078B,2,2019I,I1
1,GP535,20092577B,2,2019I,I1
1,TP314,20102097H,2,2019I,I1
1,GP535,20031179G,2,2019I,I1
1,FB101,20184091I,2,2019I,I1
1,TP505,20091194B,2,2019I,I1
1,ST221,20151165C,2,2019I,I1
1,GP555,20091152H,2,2019I,I1
1,GP154,20081168I,2,2019I,I1
1,TP224,20134023J,2,2019I,I1
1,TP314,20121103J,2,2019I,I1
1,CB312,20162512A,2,2019I,I1
1,GP154,20142092G,2,2019I,I1
1,ST113,20142511J,2,2019I,I1
1,ST221,20174518J,2,2019I,I1
1,BRC01,20182058D,2,2019I,I1
1,BMA01,20184142B,2,2019I,I1
1,FB101,20172524B,2,2019I,I1
1,GP545,20082061C,2,2019I,I1
1,GP112,20152052H,2,2019I,I1
1,GP123,20160305I,2,2019I,I1
1,ST222,20161022K,2,2019I,I1
1,GP535,20061185E,2,2019I,I1
1,BMA01,20180235F,2,2019I,I1
1,GP555,19942526H,2,2019I,I1
1,ST114,20142088J,2,2019I,I1
1,ST236,20014512C,2,2019I,I2
1,ST232,20160037D,2,2019I,I2
1,ST205,20132067J,2,2019I,I2
1,BIC01,20182028H,2,2019I,I2
1,GP555,20121242J,2,2019I,I2
1,ST124,20040070D,2,2019I,I2
1,ST123,20130182F,2,2019I,I2
1,ST236,20111251F,2,2019I,I2
1,ST236,20111063E,2,2019I,I2
1,ST414,20121112I,2,2019I,I2
1,FB101,20182120A,2,2019I,I2
1,GP304,20004001F,2,2019I,I2
1,HS131,20161003F,2,2019I,I2
1,ST295,19971008A,2,2019I,I2
1,ST202,20161251J,2,2019I,I2
1,GP515,20101214K,2,2019I,I2
1,ST205,20100242K,2,2019I,I2
1,CB122,20160048F,2,2019I,I2
1,FB101,20180105E,2,2019I,I2
1,CB122,20001052I,2,2019I,I2
1,ST236,20042563H,2,2019I,I2
1,CB312,20161266G,2,2019I,I2
1,CB312,20160136B,2,2019I,I2
1,ST285,20060109C,2,2019I,I2
1,HS131,20131317B,2,2019I,I2
1,ST203,20142626A,2,2019I,I2
1,ST114,19992506K,2,2019I,I2
1,GP304,19930034H,2,2019I,I2
1,GP235,20122071D,2,2019I,I2
1,ST295,20094508H,2,2019I,I2
1,GP304,20072512B,2,2019I,I2
1,ST213,20140120C,2,2019I,I2
1,ST275,20112594D,2,2019I,I2
1,ST133,20141261J,2,2019I,I2
1,CB313,20154124F,2,2019I,I2
1,ST123,20070203B,2,2019I,I2
1,ST334,20131366C,2,2019I,I2
1,ST235,20132657A,2,2019I,I2
1,ST295,20134049I,2,2019I,I2
1,GP515,20072538A,2,2019I,I2
1,GP515,20132573B,2,2019I,I2
1,CB412,20160015K,2,2019I,I2
1,CB313,20102077G,2,2019I,I2
1,ST133,20071206E,2,2019I,I2
1,GP234,20122611I,2,2019I,I2
1,GP314,20070179D,2,2019I,I2
1,CB132,20164534B,2,2019I,I2
1,ST235,20060021I,2,2019I,I2
1,CB142,20152160E,2,2019I,I2
1,CB313,20152069H,2,2019I,I2
1,BQU01,20184070A,2,2019I,I2
1,CB312,20134561A,2,2019I,I2
1,CB412,20132102J,2,2019I,I2
1,ST221,20171243J,2,2019I,I2
1,FB101,20182104F,2,2019I,I2
1,ST231,20102127D,2,2019I,I2
1,FB101,20171101K,2,2019I,I2
1,ST324,20165026K,2,2019I,I2
1,ST202,20151292E,2,2019I,I2
1,GP102,20141193D,2,2019I,I2
1,BMA01,20184107B,2,2019I,I2
1,CB312,20152098H,2,2019I,I2
1,ST113,20152154E,2,2019I,I2
1,ST123,20081202B,2,2019I,I2
1,ST205,20042532E,2,2019I,I2
1,CB142,20144084A,2,2019I,I2
1,ST295,20100269F,2,2019I,I2
1,ST235,20140061G,2,2019I,I2
1,GP233,20064506G,2,2019I,I2
1,ST203,20131180G,2,2019I,I2
1,ST204,20062544I,2,2019I,I2
1,GP233,20132068F,2,2019I,I2
1,FB101,20180127I,2,2019I,I2
1,ST324,20112637E,2,2019I,I2
1,GP233,20142167G,2,2019I,I2
1,ST295,20020101A,2,2019I,I2
1,CB313,20151124E,2,2019I,I2
1,CB313,20121199G,2,2019I,I2
1,CB143,20131335K,2,2019I,I2
1,BMA01,20184061B,2,2019I,I2
1,GP233,20110220J,2,2019I,I2
1,BIC01,20180238E,2,2019I,I2
1,MN136,20145002I,2,2019I,M3
1,MB613,20160210H,2,2019I,M3
1,MB536,19730756J,2,2019I,M3
1,MS112,20161056B,2,2019I,M3
1,MN136,20110104J,2,2019I,M3
1,MC586,20111119K,2,2019I,M3
1,ML140,20160151A,2,2019I,M3
1,MN374,20130259I,2,2019I,M3
1,MC585,20121062A,2,2019I,M3
1,MC214,19890238G,2,2019I,M3
1,ML202,19972577J,2,2019I,M3
1,MC324,20130239H,2,2019I,M3
1,MC324,20144100G,2,2019I,M3
1,MC510,20164521H,2,2019I,M3
1,ML830,20147009K,2,2019I,M3
1,MC401,20141188K,2,2019I,M3
1,MC324,20162092B,2,2019I,M3
1,MC325,20140309I,2,2019I,M3
1,MC325,20120145K,2,2019I,M3
1,MC324,20142671G,2,2019I,M3
1,MC510,20160234D,2,2019I,M3
1,MB613,20160264K,2,2019I,M3
1,MC115,20143002A,2,2019I,M3
1,MC325,20157003E,2,2019I,M3
1,ML202,19790337C,2,2019I,M3
1,MC417,20122078I,2,2019I,M3
1,MB613,20090078I,2,2019I,M3
1,MC234,19972546G,2,2019I,M3
1,ML202,19950169F,2,2019I,M3
1,ML202,20124056B,2,2019I,M3
1,MB613,20151190H,2,2019I,M3
1,MC586,20140311C,2,2019I,M3
1,ML202,20041092A,2,2019I,M3
1,ML202,20080191G,2,2019I,M3
1,MC337,20162159J,2,2019I,M3
1,MC115,20120163I,2,2019I,M3
1,MC324,20132675J,2,2019I,M3
1,ML140,20152037I,2,2019I,M3
1,MN136,19970288K,2,2019I,M3
1,MC324,20090216B,2,2019I,M3
1,MN216,20150236D,2,2019I,M3
1,MC510,20151182E,2,2019I,M3
1,MB536,19854044A,2,2019I,M3
1,MB536,19900107G,2,2019I,M3
1,MT221,20081161D,2,2019I,M3
1,MC115,20152548C,2,2019I,M3
1,ML202,20152040J,2,2019I,M3
1,MC571,20132609G,2,2019I,M3
1,ML214,20142111A,2,2019I,M4
1,MC589,20130445G,2,2019I,M4
1,MB312,19830007I,2,2019I,M4
1,ML114,20121032E,2,2019I,M4
1,MS311,20140244D,2,2019I,M4
1,ML115,20175011F,2,2019I,M4
1,MN136,20141237A,2,2019I,M4
1,ML520,20072556J,2,2019I,M4
1,ML214,20082604G,2,2019I,M4
1,MC401,20172616D,2,2019I,M4
1,ML214,20127016A,2,2019I,M4
1,MC502,20175020E,2,2019I,M4
1,MC510,20152549J,2,2019I,M4
1,MC612,20112093E,2,2019I,M4
1,ML214,20152119E,2,2019I,M4
1,MC361,20140269G,2,2019I,M4
1,ML214,20112094A,2,2019I,M4
1,MC112,20171270G,2,2019I,M4
1,MN116,20164069H,2,2019I,M4
1,ML214,20121401K,2,2019I,M4
1,ML713,20120259F,2,2019I,M4
1,MC112,20172597J,2,2019I,M4
1,MN310,20155509I,2,2019I,M4
1,ML214,20131074B,2,2019I,M4
1,ML951,19800195A,2,2019I,M4
1,ML114,20081153A,2,2019I,M4
1,MC510,20142084D,2,2019I,M4
1,ML611,20111233H,2,2019I,M4
1,MC589,20121073C,2,2019I,M4
1,ML713,20094549F,2,2019I,M4
1,ML511,20092100A,2,2019I,M4
1,MN136,19960147E,2,2019I,M4
1,MC589,20112056B,2,2019I,M4
1,MB155,20164142G,2,2019I,M4
1,ML951,20071145F,2,2019I,M4
1,ML611,20001202K,2,2019I,M4
1,MC142,20142600B,2,2019I,M4
1,MC112,20172051G,2,2019I,M4
1,ML511,20060200K,2,2019I,M4
1,MC361,20151198I,2,2019I,M4
1,MB155,20091130D,2,2019I,M4
1,ML633,20080148D,2,2019I,M4
1,MN136,20100324G,2,2019I,M4
1,MC337,20130311K,2,2019I,M4
1,ML214,20132108H,2,2019I,M4
1,MC112,20170265J,2,2019I,M4
1,MB545,20160075C,2,2019I,M4
1,MB155,20100103K,2,2019I,M4
1,ML713,20097026D,2,2019I,M4
1,ML214,20154037F,2,2019I,M4
1,MC361,20150142J,2,2019I,M4
1,MC112,20151227I,2,2019I,M4
1,MC338,20160610F,2,2019I,M4
1,ML214,20142109G,2,2019I,M4
1,MC589,20112558H,2,2019I,M4
1,MC338,20151109F,2,2019I,M4
1,MC112,20152520A,2,2019I,M4
1,MS311,20111142B,2,2019I,M4
1,ML140,20150314E,2,2019I,M5
1,MC338,20131354E,2,2019I,M5
1,MB536,20121435B,2,2019I,M5
1,MB148,20151308I,2,2019I,M5
1,ML140,20122664E,2,2019I,M5
1,ML140,20140500K,2,2019I,M5
1,MC234,20120347B,2,2019I,M5
1,MB536,20112134C,2,2019I,M5
1,MB148,20160720F,2,2019I,M5
1,MB613,20162135C,2,2019I,M5
1,MV113,20184166I,2,2019I,M5
1,ML202,20162069K,2,2019I,M5
1,ML202,20140418B,2,2019I,M5
1,MV214,20121344G,2,2019I,M5
1,MV214,20141268D,2,2019I,M5
1,ML202,20152131E,2,2019I,M5
1,MV461,20092579E,2,2019I,M5
1,MV435,20141351I,2,2019I,M5
1,MC112,20171398C,2,2019I,M5
1,MV615,20102616E,2,2019I,M5
1,ML202,20142632A,2,2019I,M5
1,MB613,20170326I,2,2019I,M5
1,MC509,20160123H,2,2019I,M6
1,MB536,20041045C,2,2019I,M6
1,MN204,20091026B,2,2019I,M6
1,MN204,20152033C,2,2019I,M6
1,MS525,20070081D,2,2019I,M6
1,MB613,20127046H,2,2019I,M6
1,MC571,20131026H,2,2019I,M6
1,ML202,20160221J,2,2019I,M6
1,MT235,20155505C,2,2019I,M6
1,MC361,20130010K,2,2019I,M6
1,MC601,20131058G,2,2019I,M6
1,MS311,20112539C,2,2019I,M6
1,MB545,20164039A,2,2019I,M6
1,MT227,20140076D,2,2019I,M6
1,ML202,20160219E,2,2019I,M6
1,MT235,20030043D,2,2019I,M6
1,MB313,20091023C,2,2019I,M6
1,MC509,20130509E,2,2019I,M6
1,MC361,20160085I,2,2019I,M6
1,MB148,20161014H,2,2019I,M6
1,MN204,20131017I,2,2019I,M6
1,MC589,20140015E,2,2019I,M6
1,MT516,20101097D,2,2019I,M6
1,MB148,20161034I,2,2019I,M6
1,MC338,20162004F,2,2019I,M6
1,MT417,20131020J,2,2019I,M6
1,MT227,20091053J,2,2019I,M6
1,MB158,20152004C,2,2019I,M6
1,MT417,20142007J,2,2019I,M6
1,MB613,20160077F,2,2019I,M6
1,MC571,20165027G,2,2019I,M6
1,ML140,20142039I,2,2019I,M6
1,MT136,20132517E,2,2019I,M6
1,MC112,20171061I,2,2019I,M6
1,MT227,20150068D,2,2019I,M6
1,MC338,20164012F,2,2019I,M6
1,MB613,20117004K,2,2019I,M6
1,MB545,20161057I,2,2019I,M6
1,MN121,20141146F,2,2019I,M6
1,MB545,20140023H,2,2019I,M6
1,MN121,20161098G,2,2019I,M6
1,MS311,20111122A,2,2019I,M6
1,ML202,20160071H,2,2019I,M6
1,MB613,20153508E,2,2019I,M6
1,MC112,20170068J,2,2019I,M6
1,MC571,20157004A,2,2019I,M6
1,MT616,20140028J,2,2019I,M6
1,MT235,20080046G,2,2019I,M6
1,PQ423,20060406H,2,2019I,P2
1,EP407,20081381D,2,2019I,P2
1,PQ313,20091263D,2,2019I,P2
1,PM211,20151457D,2,2019I,P2
1,PQ322,20140455E,2,2019I,P2
1,PQ521,20092169A,2,2019I,P2
1,PQ414,20140241E,2,2019I,P2
1,PQ009,20110346C,2,2019I,P2
1,PQ311,20160353C,2,2019I,P2
1,PQ322,20061115G,2,2019I,P2
1,PQ222,20151416F,2,2019I,P2
1,PF211,20160713J,2,2019I,P3
1,PP422,20122135B,2,2019I,P3
1,PP322,20120326E,2,2019I,P3
1,PP421,20122134F,2,2019I,P3
1,PH511,20140308B,2,2019I,P3
1,PE221,20160777H,2,2019I,P3
1,EC310,20141243A,2,2019I,P3
1,PF211,20162179K,2,2019I,P3
1,PE221,20151437C,2,2019I,P3
1,PH121,20171526A,2,2019I,P3
1,PP421,20120287J,2,2019I,P3
1,PP324,20100372A,2,2019I,P3
1,PQ223,20080419H,2,2019I,P3
1,PA511,20070269C,2,2019I,P3
1,PP322,20152598K,2,2019I,P3
1,PI311,20141214A,2,2019I,P3
1,PA714,20150415F,2,2019I,Q1
1,PI415,20010401B,2,2019I,Q1
1,PI144,20102139B,2,2019I,Q1
1,QU517,20071346A,2,2019I,Q1
1,FI403,20150441G,2,2019I,Q1
1,EC618,20141309B,2,2019I,Q1
1,EE102,19931219A,2,2019I,Q1
1,PI111,20132687H,2,2019I,Q1
1,EE102,20160324C,2,2019I,Q1
1,QU334,20071255F,2,2019I,Q1
1,PI140,20131415D,2,2019I,Q1
1,EE102,20150443J,2,2019I,Q1
1,PI515,20002621G,2,2019I,Q1
1,PI143,19971241H,2,2019I,Q1
1,PI513,20150153A,2,2019I,Q1
1,PI146,20101199A,2,2019I,Q1
1,PA113,20070252C,2,2019I,Q1
1,PI135,20111367D,2,2019I,Q1
1,PA714,20131129A,2,2019I,Q1
1,EC618,20151228E,2,2019I,Q1
1,PA714,20032581C,2,2019I,Q1
1,PA113,20112191G,2,2019I,Q1
1,EC618,20120369F,2,2019I,Q1
1,QU324,20162116I,2,2019I,Q1
1,PA714,20140313F,2,2019I,Q1
1,PI135,20052595J,2,2019I,Q1
1,QU334,20154558F,2,2019I,Q1
1,PA136,20120366G,2,2019I,Q1
1,PI513,20051274E,2,2019I,Q1
1,AHD65,19980457J,2,2019I,Q1
1,PA714,20132117G,2,2019I,Q1
1,QU434,20155515I,2,2019I,Q1
1,PI136,20101274C,2,2019I,Q1
1,EC618,20140440H,2,2019I,Q1
1,PI217,19971309A,2,2019I,Q1
1,EE102,20111160K,2,2019I,Q1
1,PA136,20122654J,2,2019I,Q1
1,FI152,20160311I,2,2019I,Q1
1,PI515,19980475H,2,2019I,Q1
1,PI612,20120410F,2,2019I,Q1
1,PI135,19984559A,2,2019I,Q1
1,PI426,20081327J,2,2019I,Q1
1,PA714,20151287A,2,2019I,Q1
1,PI523,20152178A,2,2019I,Q1
1,PI826,20121398J,2,2019I,Q1
1,QU324,20152585F,2,2019I,Q1
1,PI318,20142627H,2,2019I,Q1
1,QU526,20152139F,2,2019I,Q1
1,QU324,20162126D,2,2019I,Q1
1,EC618,20152651I,2,2019I,Q1
1,PI523,19791105I,2,2019I,Q1
1,PI216,20151235A,2,2019I,Q1
1,QU517,20121433J,2,2019I,Q2
1,EM811,20151492D,2,2019I,Q2
1,EM811,20153502G,2,2019I,Q2
1,PIT61,20110451A,2,2019I,Q2
1,EM811,20162225B,2,2019I,Q2
1,PI216,19950481J,2,2019I,Q2
1,PA714,20130506F,2,2019I,Q2
1,PI216,20111438I,2,2019I,Q2
1,PA113,20102680E,2,2019I,Q2
1,PA113,20132704J,2,2019I,Q2
1,QU324,20141310K,2,2019I,Q2
1,PI111,20151436G,2,2019I,Q2
1,PIT52,20141490I,2,2019I,Q2
1,MA713,20162678G,2,2019I,Q2
1,EE102,20150481I,2,2019I,Q2
1,PIT62,19971339H,2,2019I,Q2
1,PIT01,20132653F,2,2019I,Q2
1,PIT61,20150502F,2,2019I,Q2
1,MA124,20170475D,2,2019I,Q2
1,PI911,20110453D,2,2019I,Q2
1,PA515,20101406G,2,2019I,Q2
1,EC618,20142195K,2,2019I,Q2
1,EE102,20141507I,2,2019I,Q2
1,EE102,20110427C,2,2019I,Q2
